"id","Shop ID","Product Title","Brand","Current Price","Original Price","Currency","Discount Percentage","Total Stock","Normal Stock","Discount Stock","Historical Sold","Global Sold","Liked Count","Comment Count","Rating Star","Total Rating Count","Shop Name","Shop Location","Product Description","Main Image URL","Additional Image 1","Additional Image 2","Additional Image 3","Additional Image 4","Additional Image 5","Video URL","Product Categories","Product Attributes","Variations","Is Free Shipping","Is Official Shop","Is Shopee Verified","Is Pre Order","Shipping Fee","Estimated Delivery Days","Item Status","Condition","Shop Rating","Shop Response Rate","Shop Follower Count","Product URL","Shop URL"
26073056954,"44920059","COM505 TARA Pants ‡∏Å‡∏≤‡∏á‡πÄ‡∏Å‡∏á‡∏ä‡πâ‡∏≤‡∏á ‡πÄ‡∏≠‡∏ß‡∏¢‡∏≤‡∏á‡∏¢‡∏∑‡∏î ‡∏ó‡∏£‡∏á‡∏Ç‡∏≤‡∏Å‡∏£‡∏∞‡∏ö‡∏≠‡∏Å‡πÉ‡∏´‡∏ç‡πà ‡πÄ‡∏ô‡∏∑‡πâ‡∏≠‡∏ú‡πâ‡∏≤‡πÑ‡∏´‡∏°‡∏≠‡∏¥‡∏ï‡∏≤‡∏•‡∏µ‡∏û‡∏¥‡∏°‡∏û‡πå‡∏•‡∏≤‡∏¢ ‡∏ú‡πâ‡∏≤‡∏î‡∏µ ‡∏ú‡πâ‡∏≤‡πÄ‡∏ö‡∏≤‡πÉ‡∏™‡πà‡∏™‡∏ö‡∏≤‡∏¢ ‡∏ä‡πâ‡∏≤‡∏á‡πÑ‡∏°‡πà‡∏Å‡∏•‡∏±‡∏ö‡∏´‡∏±‡∏ß","Not Available","Not Available","330.00","THB","65","9378","9378","9378","1392","1397","247","220","4.9","220","TARA.CLOSET","‡∏à‡∏±‡∏á‡∏´‡∏ß‡∏±‡∏î‡∏Å‡∏£‡∏∏‡∏á‡πÄ‡∏ó‡∏û‡∏°‡∏´‡∏≤‡∏ô‡∏Ñ‡∏£","- ‡∏Å‡∏≤‡∏á‡πÄ‡∏Å‡∏á‡∏ä‡πâ‡∏≤‡∏á‡∏Ç‡∏≤‡∏¢‡∏≤‡∏ß ‡∏ó‡∏£‡∏á‡∏Ç‡∏≤‡∏Å‡∏£‡∏∞‡∏ö‡∏≠‡∏Å‡πÉ‡∏´‡∏ç‡πà ‡πÄ‡∏≠‡∏ß‡∏¢‡∏≤‡∏á‡∏¢‡∏∑‡∏î (‡∏°‡∏µ‡∏™‡∏≤‡∏¢‡∏´‡∏•‡∏≠‡∏Å) ‡∏•‡∏≤‡∏¢‡∏ú‡πâ‡∏≤‡∏Ç‡∏≤ 2 ‡∏Ç‡πâ‡∏≤‡∏á‡∏ï‡∏£‡∏á‡∏Å‡∏±‡∏ô ‡∏ú‡πâ‡∏≤‡πÑ‡∏´‡∏°‡∏≠‡∏¥‡∏ï‡∏≤‡∏•‡∏µ‡∏û‡∏¥‡∏°‡∏û‡πå‡∏•‡∏≤‡∏¢‡∏î‡∏¥‡∏à‡∏¥‡∏ï‡∏≠‡∏• ‡∏•‡∏≤‡∏¢‡∏û‡∏¥‡∏°‡∏û‡πå‡∏ä‡∏±‡∏î ‡∏™‡∏µ‡πÑ‡∏°‡πà‡∏ï‡∏Å ‡πÉ‡∏™‡πà‡πÅ‡∏•‡πâ‡∏ß‡∏î‡∏π‡∏°‡∏µ‡∏£‡∏≤‡∏Ñ‡∏≤ ‡∏ú‡πâ‡∏≤‡πÄ‡∏ö‡∏≤‡πÉ‡∏™‡πà‡∏™‡∏ö‡∏≤‡∏¢ ‡πÅ‡∏û‡∏ó‡πÄ‡∏ó‡∏¥‡∏£‡πå‡∏ô‡∏Ç‡∏≤‡∏¢‡∏≤‡∏ß ‡∏™‡∏°‡∏™‡πà‡∏ß‡∏ô ‡∏Ç‡∏≤‡πÑ‡∏°‡πà‡πÄ‡∏ï‡πà‡∏≠‚Äã ‡πÄ‡∏ô‡∏∑‡πâ‡∏≠‡∏ú‡πâ‡∏≤‡∏ô‡∏∏‡πà‡∏°‡∏•‡∏∑‡πà‡∏ô ‡πÉ‡∏™‡πà‡∏≠‡∏¢‡∏π‡πà‡∏ö‡πâ‡∏≤‡∏ô‡∏™‡∏ö‡∏≤‡∏¢‡πÜ ‡∏´‡∏£‡∏∑‡∏≠‡πÉ‡∏™‡πà‡πÄ‡∏ó‡∏µ‡πà‡∏¢‡∏ß‡∏ä‡∏¥‡∏•‡πÜ‡∏Å‡πá‡πÑ‡∏î‡πâ ‡πÅ‡∏°‡∏ó‡πÑ‡∏°‡πà‡∏¢‡∏≤‡∏Å ‡∏°‡∏µ‡∏ï‡∏¥‡∏î‡∏ï‡∏π‡πâ‡πÑ‡∏ß‡πâ‡πÑ‡∏î‡πâ‡πÉ‡∏ä‡πâ‡∏ö‡πà‡∏≠‡∏¢‡πÜ ‡πÅ‡∏ô‡πà‡∏ô‡∏≠‡∏ô‡∏Ñ‡πà‡∏∞
-
-
-**‡∏£‡∏ö‡∏Å‡∏ß‡∏ô‡∏î‡∏π‡∏£‡∏≤‡∏¢‡∏•‡∏∞‡πÄ‡∏≠‡∏µ‡∏¢‡∏î‡∏Å‡πà‡∏≠‡∏ô‡∏™‡∏±‡πà‡∏á‡∏ã‡∏∑‡πâ‡∏≠....
- ‡∏•‡∏≤‡∏¢‡∏Ç‡∏≠‡∏á‡∏™‡∏¥‡∏ô‡∏Ñ‡πâ‡∏≤ ‡∏≠‡∏≤‡∏à‡∏à‡∏∞‡∏°‡∏µ‡∏Å‡∏≤‡∏£‡∏Ñ‡∏•‡∏≤‡∏î‡πÄ‡∏Ñ‡∏•‡∏∑‡πà‡∏≠‡∏ô‡πÑ‡∏õ‡∏à‡∏≤‡∏Å‡∏£‡∏π‡∏õ‡∏ö‡πâ‡∏≤‡∏á‡πÄ‡∏•‡πá‡∏Å‡∏ô‡πâ‡∏≠‡∏¢‡∏ô‡∏∞‡∏Ñ‡∏∞
- ‡πÑ‡∏°‡πà‡πÉ‡∏ä‡πà‡∏á‡∏≤‡∏ô‡∏ú‡πâ‡∏≤‡∏™‡∏õ‡∏±‡∏ô‡∏ó‡∏µ‡πà‡∏Ç‡∏≤‡∏î‡∏á‡πà‡∏≤‡∏¢‡∏ô‡∏∞‡∏Ñ‡∏∞
-
-
-#‡∏Å‡∏≤‡∏á‡πÄ‡∏Å‡∏á #‡∏Å‡∏≤‡∏á‡πÄ‡∏Å‡∏á‡∏Ç‡∏≤‡∏¢‡∏≤‡∏ß #‡∏Å‡∏≤‡∏á‡πÄ‡∏Å‡∏á‡∏•‡∏≤‡∏¢‡∏ä‡πâ‡∏≤‡∏á #‡∏Å‡∏≤‡∏á‡πÄ‡∏Å‡∏á‡∏Ç‡∏≤‡∏ö‡∏≤‡∏ô #‡∏Å‡∏≤‡∏á‡πÄ‡∏Å‡∏á‡∏Ç‡∏≤‡∏Å‡∏£‡∏∞‡∏ö‡∏≠‡∏Å #‡∏Å‡∏≤‡∏á‡πÄ‡∏Å‡∏á‡∏Ç‡∏≤‡∏Å‡∏£‡∏∞‡∏ö‡∏≠‡∏Å‡πÉ‡∏´‡∏ç‡πà #‡∏Å‡∏≤‡∏á‡πÄ‡∏Å‡∏á‡∏ú‡∏π‡πâ‡∏´‡∏ç‡∏¥‡∏á #‡∏Å‡∏≤‡∏á‡πÄ‡∏Å‡∏á‡∏ä‡πâ‡∏≤‡∏á #‡∏Å‡∏≤‡∏á‡πÄ‡∏Å‡∏á‡∏ä‡πâ‡∏≤‡∏á‡∏ú‡∏π‡πâ‡∏´‡∏ç‡∏¥‡∏á #‡∏Å‡∏≤‡∏á‡πÄ‡∏Å‡∏á‡πÄ‡∏≠‡∏ß‡∏¢‡∏≤‡∏á‡∏¢‡∏∑‡∏î #‡πÄ‡∏™‡∏∑‡πâ‡∏≠‡∏ú‡πâ‡∏≤‡πÅ‡∏ü‡∏ä‡∏±‡πà‡∏ô #‡πÄ‡∏™‡∏∑‡πâ‡∏≠‡∏ú‡πâ‡∏≤‡πÅ‡∏ü‡∏ä‡∏±‡πà‡∏ô‡∏ú‡∏π‡πâ‡∏´‡∏ç‡∏¥‡∏á #‡∏Å‡∏≤‡∏á‡πÄ‡∏Å‡∏á‡πÄ‡∏ó‡∏µ‡πà‡∏¢‡∏ß‡∏ó‡∏∞‡πÄ‡∏• #‡∏Å‡∏≤‡∏á‡πÄ‡∏Å‡∏á‡∏Ç‡∏≤‡∏™‡∏±‡πâ‡∏ô #‡∏Å‡∏≤‡∏á‡πÄ‡∏Å‡∏á‡∏ú‡∏π‡πâ‡∏´‡∏ç‡∏¥‡∏á #‡∏Å‡∏≤‡∏á‡πÄ‡∏Å‡∏á‡∏Ñ‡∏π‡πà #‡∏Å‡∏≤‡∏á‡πÄ‡∏Å‡∏á‡∏ä‡πâ‡∏≤‡∏á‡∏Ç‡∏≤‡∏™‡∏±‡πâ‡∏ô‡∏Ç‡∏≤‡∏¢‡∏≤‡∏ß #‡∏Å‡∏≤‡∏á‡πÄ‡∏Å‡∏á‡∏Ç‡∏≤‡∏™‡∏±‡πâ‡∏ô #‡∏ä‡πâ‡∏≤‡∏á‡∏Ç‡∏≤‡∏™‡∏±‡πâ‡∏ô #‡∏Å‡∏≤‡∏á‡πÄ‡∏Å‡∏á‡∏ä‡πâ‡∏≤‡∏á‡∏Ç‡∏≤‡∏™‡∏±‡πâ‡∏ô #‡∏Å‡∏≤‡∏á‡πÄ‡∏Å‡∏á‡∏Ç‡∏≤‡∏™‡∏±‡πâ‡∏ô‡∏ú‡∏π‡πâ‡∏´‡∏ç‡∏¥‡∏á
-
-
-** Size Chart  COM505 (‡∏Ç‡∏≤‡∏¢‡∏≤‡∏ß)
- Waist ‡πÄ‡∏≠‡∏ß : ‡∏Å‡πà‡∏≠‡∏ô‡∏¢‡∏∑‡∏î 24‚Äù ‡∏¢‡∏∑‡∏î‡πÑ‡∏î‡πâ‡∏ñ‡∏∂‡∏á 38‚Äù
- Hip ‡∏™‡∏∞‡πÇ‡∏û‡∏Å : ‡∏Å‡πà‡∏≠‡∏ô‡∏¢‡∏∑‡∏î 38‚Äù ‡∏¢‡∏∑‡∏î‡πÑ‡∏î‡πâ‡∏ñ‡∏∂‡∏á 40‚Äù
- Crotch Rise ‡∏Ñ‡∏ß‡∏≤‡∏°‡∏¢‡∏≤‡∏ß‡πÄ‡∏õ‡πâ‡∏≤ : 15""
- Thigh ‡∏ï‡πâ‡∏ô‡∏Ç‡∏≤ : 25""
- Leg Opening ‡∏õ‡∏•‡∏≤‡∏¢‡∏Ç‡∏≤ : 25""
- Length ‡∏Ñ‡∏ß‡∏≤‡∏°‡∏¢‡∏≤‡∏ß : 42‚Äù
-
-
- **Prices ‡∏£‡∏≤‡∏Ñ‡∏≤ : 330 Baht (‡∏°‡∏µ‡∏™‡πà‡∏ß‡∏ô‡∏•‡∏î)
- 
-
- **Unit ‡∏´‡∏ô‡πà‡∏ß‡∏¢‡∏™‡∏¥‡∏ô‡∏Ñ‡πâ‡∏≤ : ‡∏ï‡∏±‡∏ß
-
- 
- **Fabric ‡πÄ‡∏ô‡∏∑‡πâ‡∏≠‡∏ú‡πâ‡∏≤ : ‡∏ú‡πâ‡∏≤‡πÑ‡∏´‡∏°‡∏≠‡∏¥‡∏ï‡∏≤‡∏•‡∏µ
- 
- 
- ****‡∏Å‡∏£‡∏∏‡∏ì‡∏≤‡∏ï‡∏£‡∏ß‡∏à‡∏™‡∏≠‡∏ö‡∏ä‡∏∑‡πà‡∏≠‡∏ó‡∏µ‡πà‡∏≠‡∏¢‡∏π‡πà‡πÉ‡∏´‡πâ‡∏ñ‡∏π‡∏Å‡∏ï‡πâ‡∏≠‡∏á ‡πÄ‡∏û‡∏∑‡πà‡∏≠‡∏™‡∏∞‡∏î‡∏ß‡∏Å‡πÉ‡∏ô‡∏Å‡∏≤‡∏£‡∏à‡∏±‡∏î‡∏™‡πà‡∏á‡∏≠‡∏¢‡πà‡∏≤‡∏á‡∏£‡∏ß‡∏î‡πÄ‡∏£‡πá‡∏ß‡∏Ñ‡πà‡∏∞****
- 
- 
- **‡∏£‡∏∞‡∏¢‡∏∞‡πÄ‡∏ß‡∏•‡∏≤‡∏à‡∏±‡∏î‡∏™‡πà‡∏á : ‡∏ó‡∏≤‡∏á ‡∏£‡∏∞‡∏ö‡∏ö ‡∏†‡∏≤‡∏¢‡πÉ‡∏ô 3 ‡∏ß‡∏±‡∏ô ‡∏ï‡∏±‡∏î‡∏£‡∏≠‡∏ö‡∏ö‡∏¥‡∏• 23:59 ‡∏ô. ‡πÄ‡∏ä‡πà‡∏ô ‡∏™‡∏±‡πà‡∏á‡∏ã‡∏∑‡πâ‡∏≠‡∏™‡∏¥‡∏ô‡∏Ñ‡πâ‡∏≤‡πÅ‡∏•‡∏∞‡∏ó‡∏≤‡∏á ‡∏£‡∏∞‡∏ö‡∏ö ‡∏¢‡∏∑‡∏ô‡∏¢‡∏±‡∏ô‡πÉ‡∏´‡πâ‡∏à‡∏±‡∏î‡∏™‡πà‡∏á‡∏™‡∏¥‡∏ô‡∏Ñ‡πâ‡∏≤‡∏Å‡πà‡∏≠‡∏ô‡πÄ‡∏ß‡∏•‡∏≤ 23.59 ‡∏ô.
- ‡∏Ç‡∏≠‡∏á‡∏ß‡∏±‡∏ô‡∏ó‡∏µ‡πà 1 ‡∏ò‡∏±‡∏ô‡∏ß‡∏≤‡∏Ñ‡∏° ‡∏ó‡∏≤‡∏á‡∏£‡πâ‡∏≤‡∏ô‡∏à‡∏∞‡∏à‡∏±‡∏î‡∏™‡πà‡∏á‡πÉ‡∏´‡πâ‡∏ñ‡∏∂‡∏á‡∏ú‡∏π‡πâ‡∏ã‡∏∑‡πâ‡∏≠‡πÑ‡∏°‡πà‡πÄ‡∏Å‡∏¥‡∏ô‡∏ß‡∏±‡∏ô‡∏ó‡∏µ‡πà 4 ‡∏ò‡∏±‡∏ô‡∏ß‡∏≤‡∏Ñ‡∏° (‡∏ñ‡πâ‡∏≤‡∏¢‡∏∑‡∏ô‡∏¢‡∏±‡∏ô‡∏Å‡∏≤‡∏£‡∏™‡∏±‡πà‡∏á‡∏ã‡∏∑‡πâ‡∏≠‡∏°‡∏≤‡∏´‡∏•‡∏±‡∏á 23.59 ‡∏ô. ‡∏à‡∏∞‡∏ñ‡∏∑‡∏≠‡πÄ‡∏õ‡πá‡∏ô‡∏Ñ‡∏≥‡∏™‡∏±‡πà‡∏á‡∏ã‡∏∑‡πâ‡∏≠‡∏Ç‡∏≠‡∏á‡∏ß‡∏±‡∏ô‡∏ñ‡∏±‡∏î‡πÑ‡∏õ‡∏ó‡∏±‡∏ô‡∏ó‡∏µ)
- 
-
- **‡∏Ñ‡πà‡∏≤‡∏à‡∏±‡∏î‡∏™‡πà‡∏á : ‡∏ï‡∏≤‡∏°‡∏ó‡∏µ‡πà ‡∏£‡∏∞‡∏ö‡∏ö ‡∏Å‡∏≥‡∏´‡∏ô‡∏î
- 
- 
#‡∏Å‡∏≤‡∏á‡πÄ‡∏Å‡∏á #‡∏Å‡∏≤‡∏á‡πÄ‡∏Å‡∏á‡∏ä‡πâ‡∏≤‡∏á #‡∏ä‡∏∏‡∏î‡πÄ‡∏ó‡∏µ‡πà‡∏¢‡∏ß‡∏ó‡∏∞‡πÄ‡∏• #‡∏ä‡∏∏‡∏î‡πÉ‡∏™‡πà‡πÄ‡∏ó‡∏µ‡πà‡∏¢‡∏ß #‡∏ä‡∏∏‡∏î‡πÄ‡∏ó‡∏µ‡πà‡∏¢‡∏ß‡∏ó‡∏∞‡πÄ‡∏• #‡∏Å‡∏≤‡∏á‡πÄ‡∏Å‡∏á‡∏ô‡∏≠‡∏ô #‡∏•‡∏≤‡∏¢‡∏ä‡πâ‡∏≤‡∏á #‡∏Å‡∏≤‡∏á‡πÄ‡∏Å‡∏á‡∏Ç‡∏≤‡∏¢‡∏≤‡∏ß‡∏•‡∏≤‡∏¢‡∏ä‡πâ‡∏≤‡∏á #‡∏Å‡∏≤‡∏á‡πÄ‡∏Å‡∏á‡∏•‡∏≤‡∏¢‡∏ä‡πâ‡∏≤‡∏á‡∏Ñ‡∏ô‡∏≠‡πâ‡∏ß‡∏ô #‡∏Å‡∏≤‡∏á‡πÄ‡∏Å‡∏á‡∏™‡∏≤‡∏ß‡∏≠‡∏ß‡∏ö #‡πÄ‡∏™‡∏∑‡πâ‡∏≠‡∏ú‡πâ‡∏≤","https://cf.shopee.co.th/file/th-11134207-7rasd-m4r4umajaxmy7a","https://cf.shopee.co.th/file/th-11134207-7ras8-m4r4wqm9m04zec","https://cf.shopee.co.th/file/th-11134207-7rasc-m4r4yk81lscq99","https://cf.shopee.co.th/file/th-11134207-7rasc-m4r58tpewvrof3","https://cf.shopee.co.th/file/th-11134207-7rasg-m4r4x50uj4fn3f","https://cf.shopee.co.th/file/th-11134207-7rasb-m4r4y08uu7pm8d","Not Available","‡πÄ‡∏™‡∏∑‡πâ‡∏≠‡∏ú‡πâ‡∏≤‡∏ú‡∏π‡πâ‡∏´‡∏ç‡∏¥‡∏á > ‡∏Å‡∏≤‡∏á‡πÄ‡∏Å‡∏á > ‡∏Å‡∏≤‡∏á‡πÄ‡∏Å‡∏á‡∏Ç‡∏≤‡∏¢‡∏≤‡∏ß","‡∏™‡πÑ‡∏ï‡∏•‡πå‡πÄ‡∏™‡∏∑‡πâ‡∏≠‡∏ú‡πâ‡∏≤: ‡∏ò‡∏£‡∏£‡∏°‡∏î‡∏≤, ‡πÇ‡∏ö‡∏Æ‡∏µ‡πÄ‡∏°‡∏µ‡πà‡∏¢‡∏ô, ‡πÄ‡∏Å‡∏≤‡∏´‡∏•‡∏µ, ‡πÄ‡∏£‡∏µ‡∏¢‡∏ö ‡πÜ, ‡∏¢‡πâ‡∏≠‡∏ô‡∏¢‡∏∏‡∏Ñ; ‡∏Ñ‡∏ß‡∏≤‡∏°‡∏™‡∏π‡∏á‡πÄ‡∏≠‡∏ß: ‡πÄ‡∏≠‡∏ß‡∏™‡∏π‡∏á; ‡∏õ‡∏£‡∏∞‡πÄ‡∏†‡∏ó‡∏Ç‡∏≠‡∏á‡∏Å‡∏≤‡∏á‡πÄ‡∏Å‡∏á: ‡∏Ç‡∏≤‡∏ö‡∏≤‡∏ô‡∏≠‡∏≠‡∏Å‡πÅ‡∏ö‡∏ö‡∏û‡∏≠‡∏î‡∏µ; ‡∏Ç‡∏ô‡∏≤‡∏î‡πÉ‡∏´‡∏ç‡πà: ‡πÉ‡∏ä‡πà; ‡∏£‡∏∏‡∏õ‡πÅ‡∏ö‡∏ö‡∏Å‡∏≤‡∏£‡∏ñ‡∏≠‡∏î: None; ‡πÄ‡∏•‡πá‡∏Å‡∏Å‡∏£‡∏∞‡∏ó‡∏±‡∏î‡∏£‡∏±‡∏î: ‡πÑ‡∏°‡πà; ‡∏Ñ‡∏ß‡∏≤‡∏°‡∏¢‡∏≤‡∏ß‡∏Ç‡∏≠‡∏á‡∏Å‡∏≤‡∏á‡πÄ‡∏Å‡∏á: ‡πÄ‡∏ï‡πá‡∏°‡∏Ñ‡∏ß‡∏≤‡∏°‡∏¢‡∏≤‡∏ß; ‡πÇ‡∏≠‡∏Å‡∏≤‡∏™: ‡πÑ‡∏°‡πà‡πÄ‡∏õ‡πá‡∏ô‡∏ó‡∏≤‡∏á‡∏Å‡∏≤‡∏£; ‡∏õ‡∏£‡∏∞‡πÄ‡∏ó‡∏®‡∏ï‡πâ‡∏ô‡∏Å‡∏≥‡πÄ‡∏ô‡∏¥‡∏î‡∏™‡∏¥‡∏ô‡∏Ñ‡πâ‡∏≤: ‡πÑ‡∏ó‡∏¢; ‡∏§‡∏î‡∏π‡∏Å‡∏≤‡∏•: ‡∏§‡∏î‡∏π‡∏£‡πâ‡∏≠‡∏ô; ‡∏ß‡∏±‡∏™‡∏î‡∏∏: ‡πÑ‡∏´‡∏°‡∏≠‡∏¥‡∏ï‡∏≤‡∏•‡∏µ; ‡∏™‡πÑ‡∏ï‡∏•‡πå‡∏Å‡∏≤‡∏á‡πÄ‡∏Å‡∏á: ‡∏Å‡∏≤‡∏á‡πÄ‡∏Å‡∏á‡∏ó‡∏£‡∏á‡∏Ç‡∏≤‡∏Å‡∏£‡∏∞‡∏ö‡∏≠‡∏Å‡πÉ‡∏´‡∏ç‡πà; ‡∏•‡∏ß‡∏î‡∏•‡∏≤‡∏¢: ‡∏•‡∏≤‡∏¢‡∏ä‡πâ‡∏≤‡∏á","‡∏™‡∏µ: ‡∏Å‡∏≤‡∏Å‡∏µ, ‡∏î‡∏≥, ‡∏Ç‡∏≤‡∏ß, ‡∏ä‡πá‡∏≠‡∏Ñ‡πÇ‡∏Å‡πÅ‡∏•‡∏ï, ‡∏Ç‡∏≤‡∏ß-‡∏ä‡πá‡∏≠‡∏Ñ‡πÇ‡∏Å‡πÅ‡∏•‡∏ï, ‡πÅ‡∏î‡∏á‡πÄ‡∏•‡∏∑‡∏≠‡∏î, ‡∏ô‡πâ‡∏≥‡πÄ‡∏á‡∏¥‡∏ô, ‡∏Ñ‡∏£‡∏µ‡∏°, ‡πÄ‡∏Ç‡∏µ‡∏¢‡∏ß‡∏≠‡πà‡∏≠‡∏ô, ‡∏°‡πà‡∏ß‡∏á ‡∏û‡∏≤‡∏™‡πÄ‡∏ó‡∏•, ‡∏ä‡∏°‡∏û‡∏π","No","No","Yes","No","Not Available","2","normal","1","4.656031","85","409554","https://shopee.co.th/product/44920059/26073056954","https://shopee.co.th/shop/44920059"
11843878071,"378498789","Intensive Hair Serum ‡πÄ‡∏ã‡∏£‡∏±‡πà‡∏°‡∏•‡∏î‡∏ú‡∏°‡∏£‡πà‡∏ß‡∏á ‡∏ú‡∏°‡∏ö‡∏≤‡∏á ‡πÄ‡∏û‡∏¥‡πà‡∏°‡∏ú‡∏°‡πÉ‡∏´‡∏°‡πà ‡∏à‡∏≤‡∏Å Nectapharma ‡πÉ‡∏™‡πà Redensyl Procapil ‡πÅ‡∏•‡∏∞ Capixyl","Nectapharma(‡πÄ‡∏ô‡∏Ñ‡∏ï‡∏≤‡∏ü‡∏≤‡∏£‡πå‡∏°‡∏≤)","790.00","1590.00","THB","50","20","20","20","41529","41529","21329","12975","4.927635542168675","13280","Nectapharma","‡∏à‡∏±‡∏á‡∏´‡∏ß‡∏±‡∏î‡∏Å‡∏£‡∏∏‡∏á‡πÄ‡∏ó‡∏û‡∏°‡∏´‡∏≤‡∏ô‡∏Ñ‡∏£","ü•∞ ‡∏Ç‡∏±‡πâ‡∏ô‡∏ï‡∏≠‡∏ô‡∏Å‡∏≤‡∏£‡∏Ç‡∏≠‡πÉ‡∏ö‡∏Å‡∏≥‡∏Å‡∏±‡∏ö‡∏†‡∏≤‡∏©‡∏µ Nectapharmaüõí
1. ‡∏ï‡∏¥‡∏î‡∏ï‡πà‡∏≠‡πÅ‡∏à‡πâ‡∏á‡∏Ç‡∏≠‡πÉ‡∏ö‡∏Å‡∏≥‡∏Å‡∏±‡∏ö‡∏†‡∏≤‡∏©‡∏µ‡∏†‡∏≤‡∏¢‡πÉ‡∏ô‡∏ß‡∏±‡∏ô‡∏ó‡∏µ‡πà‡∏ó‡∏≥‡∏Å‡∏≤‡∏£‡∏ã‡∏∑‡πâ‡∏≠‡∏™‡∏¥‡∏ô‡∏Ñ‡πâ‡∏≤ ‡πÄ‡∏ó‡πà‡∏≤‡∏ô‡∏±‡πâ‡∏ô!
2. ‡πÅ‡∏à‡πâ‡∏á‡∏Ç‡πâ‡∏≠‡∏°‡∏π‡∏•‡∏™‡πà‡∏ß‡∏ô‡∏ö‡∏∏‡∏Ñ‡∏Ñ‡∏•‡∏´‡∏£‡∏∑‡∏≠‡∏ö‡∏±‡∏ï‡∏£‡∏õ‡∏£‡∏∞‡∏ä‡∏≤‡∏ä‡∏ô‡πÉ‡∏´‡πâ‡πÅ‡∏≠‡∏î‡∏°‡∏¥‡∏ô‡∏ó‡∏≤‡∏á‡πÅ‡∏ä‡∏ó
3. ‡∏ö‡∏£‡∏¥‡∏©‡∏±‡∏ó‡∏à‡∏∞‡∏à‡∏±‡∏î‡∏™‡πà‡∏á‡πÉ‡∏ö‡∏Å‡∏≥‡∏Å‡∏±‡∏ö‡∏†‡∏≤‡∏©‡∏µ ‡∏†‡∏≤‡∏¢‡πÉ‡∏ô 7 ‡∏ß‡∏±‡∏ô‡∏ó‡∏≥‡∏Å‡∏≤‡∏£ (‡πÑ‡∏°‡πà‡∏£‡∏ß‡∏°‡∏ß‡∏±‡∏ô‡πÄ‡∏™‡∏≤‡∏£‡πå-‡∏≠‡∏≤‡∏ó‡∏¥‡∏ï‡∏¢‡πå)
üìå‡∏à‡∏±‡∏î‡∏™‡πà‡∏á‡∏ó‡∏≤‡∏á E-mail (‡πÑ‡∏°‡πà‡∏°‡∏µ‡∏Ñ‡πà‡∏≤‡πÉ‡∏ä‡πâ‡∏à‡πà‡∏≤‡∏¢)
üìå‡∏à‡∏±‡∏î‡∏™‡πà‡∏á‡∏ó‡∏≤‡∏á‡πÑ‡∏õ‡∏£‡∏©‡∏ì‡∏µ‡∏¢‡πå (‡∏•‡∏π‡∏Å‡∏Ñ‡πâ‡∏≤‡∏ï‡πâ‡∏≠‡∏á‡∏ä‡∏≥‡∏£‡∏∞‡∏Ñ‡πà‡∏≤‡∏™‡πà‡∏á)

- ‡∏¢‡∏∑‡∏ô‡∏¢‡∏±‡∏ô‡∏ú‡∏•‡∏•‡∏±‡∏û‡∏ò‡πå‡∏î‡πâ‡∏ß‡∏¢‡∏á‡∏≤‡∏ô‡∏ß‡∏¥‡∏à‡∏±‡∏¢ -¬†
üî¨‡∏à‡∏≤‡∏Å‡∏á‡∏≤‡∏ô‡∏ß‡∏¥‡∏à‡∏±‡∏¢ A Comparative Study between Topical 5% Minoxidil and Topical ‚ÄúRedensyl, Capixyl, and Procapil‚Äù Combination in Men with Androgenetic Alopecia ‡∏ó‡∏µ‡πà‡πÑ‡∏î‡πâ‡∏£‡∏±‡∏ö‡∏Å‡∏≤‡∏£‡∏ï‡∏µ‡∏û‡∏¥‡∏°‡∏û‡πå‡πÉ‡∏ô Journal of Cosmetology & Trichology ‡∏û‡∏ö‡∏ß‡πà‡∏≤ 88.9% ‡∏Ç‡∏≠‡∏á‡∏ú‡∏π‡πâ‡∏ó‡∏î‡∏•‡∏≠‡∏á‡∏ó‡∏µ‡πà‡πÑ‡∏î‡πâ‡∏£‡∏±‡∏ö‡∏™‡∏≤‡∏£ Redensyl, Capixyl ‡πÅ‡∏•‡∏∞ Procapil ‡πÄ‡∏õ‡πá‡∏ô‡πÄ‡∏ß‡∏•‡∏≤ 24 ‡∏™‡∏±‡∏õ‡∏î‡∏≤‡∏´‡πå ‡∏°‡∏µ‡∏Å‡∏≤‡∏£‡πÄ‡∏õ‡∏•‡∏µ‡πà‡∏¢‡∏ô‡πÅ‡∏õ‡∏•‡∏á‡∏ó‡∏µ‡πà‡∏î‡∏µ‡∏Ç‡∏∂‡πâ‡∏ô‡∏à‡∏≤‡∏Å‡∏Å‡∏≤‡∏£‡πÄ‡∏õ‡∏£‡∏µ‡∏¢‡∏ö‡πÄ‡∏ó‡∏µ‡∏¢‡∏ö‡∏†‡∏≤‡∏û‡∏ñ‡πà‡∏≤‡∏¢‡∏Å‡πà‡∏≠‡∏ô‡πÅ‡∏•‡∏∞‡∏´‡∏•‡∏±‡∏á (‡πÉ‡∏ô‡∏Ç‡∏ì‡∏∞‡∏ó‡∏µ‡πà‡∏ú‡∏π‡πâ‡πÉ‡∏ä‡πâ‡∏¢‡∏≤ Minoxidil ‡∏°‡∏µ‡πÄ‡∏û‡∏µ‡∏¢‡∏á 60% ‡∏ó‡∏µ‡πà‡∏°‡∏µ‡∏Å‡∏≤‡∏£‡πÄ‡∏õ‡∏•‡∏µ‡πà‡∏¢‡∏ô‡πÅ‡∏õ‡∏•‡∏á‡∏ó‡∏µ‡πà‡∏î‡∏µ)

üî¨Redensyl 3% (‡∏™‡∏≤‡∏£‡∏™‡∏Å‡∏±‡∏î‡∏à‡∏≤‡∏Å‡∏û‡∏∑‡∏ä‡∏ï‡∏£‡∏∞‡∏Å‡∏π‡∏•‡∏™‡∏ô)
- ‡∏ó‡∏≥‡πÉ‡∏´‡πâ‡πÄ‡∏≠‡∏ô‡πÑ‡∏ã‡∏°‡πå 5Œ±-Reductase ‡∏ó‡∏µ‡πà‡∏°‡∏µ‡∏Ñ‡∏ß‡∏≤‡∏°‡∏™‡∏≥‡∏Ñ‡∏±‡∏ç‡πÉ‡∏ô‡∏Å‡∏≤‡∏£‡∏ú‡∏•‡∏¥‡∏ï‡∏Æ‡∏≠‡∏£‡πå‡πÇ‡∏°‡∏ô DHT ‡∏ó‡∏≥‡∏á‡∏≤‡∏ô‡πÑ‡∏î‡πâ‡∏ô‡πâ‡∏≠‡∏¢‡∏•‡∏á
- ‡∏ä‡πà‡∏ß‡∏¢‡πÄ‡∏£‡∏∑‡πà‡∏≠‡∏á‡∏Å‡∏≤‡∏£‡∏≠‡∏±‡∏Å‡πÄ‡∏™‡∏ö‡∏Ç‡∏≠‡∏á‡∏´‡∏ô‡∏±‡∏á‡∏®‡∏µ‡∏£‡∏©‡∏∞
- ‡∏ó‡∏≥‡πÉ‡∏´‡πâ‡πÅ‡∏ö‡∏Ñ‡∏ó‡∏µ‡πÄ‡∏£‡∏µ‡∏¢ ‡∏ó‡∏µ‡πà‡πÄ‡∏õ‡πá‡∏ô‡∏õ‡∏±‡∏à‡∏à‡∏±‡∏¢‡∏Ç‡∏≠‡∏á‡∏Å‡∏≤‡∏£‡∏ï‡∏¥‡∏î‡πÄ‡∏ä‡∏∑‡πâ‡∏≠‡πÅ‡∏•‡∏∞‡∏Å‡∏≤‡∏£‡∏≠‡∏±‡∏Å‡πÄ‡∏™‡∏ö‡∏ö‡∏ô‡∏´‡∏ô‡∏±‡∏á‡∏®‡∏µ‡∏£‡∏©‡∏∞ ‡πÄ‡∏à‡∏£‡∏¥‡∏ç‡πÄ‡∏ï‡∏¥‡∏ö‡πÇ‡∏ï‡πÑ‡∏î‡πâ‡∏ô‡πâ‡∏≠‡∏¢‡∏•‡∏á
- ‡πÄ‡∏ï‡∏¥‡∏°‡∏™‡∏≤‡∏£‡∏≠‡∏≤‡∏´‡∏≤‡∏£‡πÉ‡∏´‡πâ‡πÄ‡∏™‡πâ‡∏ô‡∏ú‡∏°‡∏à‡∏≤‡∏Å‡∏™‡πà‡∏ß‡∏ô‡∏õ‡∏£‡∏∞‡∏Å‡∏≠‡∏ö‡∏Ç‡∏≠‡∏á Zinc ‡πÅ‡∏•‡∏∞ Glycine¬†

üî¨Procapil 3% (‡∏™‡∏≤‡∏£‡∏™‡∏Å‡∏±‡∏î‡∏à‡∏≤‡∏Å‡πÉ‡∏ö‡∏°‡∏∞‡∏Å‡∏≠‡∏Å)¬†
- ‡∏ó‡∏≥‡πÉ‡∏´‡πâ‡πÄ‡∏≠‡∏ô‡πÑ‡∏ã‡∏°‡πå 5Œ±-Reductase ‡∏ó‡∏µ‡πà‡∏°‡∏µ‡∏Ñ‡∏ß‡∏≤‡∏°‡∏™‡∏≥‡∏Ñ‡∏±‡∏ç‡πÉ‡∏ô‡∏Å‡∏≤‡∏£‡∏ú‡∏•‡∏¥‡∏ï‡∏Æ‡∏≠‡∏£‡πå‡πÇ‡∏°‡∏ô DHT ‡∏ó‡∏≥‡∏á‡∏≤‡∏ô‡πÑ‡∏î‡πâ‡∏ô‡πâ‡∏≠‡∏¢‡∏•‡∏á
- ‡∏ä‡πà‡∏ß‡∏¢‡πÉ‡∏´‡πâ‡∏ú‡∏°‡∏¢‡∏∂‡∏î‡πÄ‡∏Å‡∏≤‡∏∞‡∏´‡∏ô‡∏±‡∏á‡∏®‡∏µ‡∏£‡∏©‡∏∞‡πÑ‡∏î‡πâ‡∏î‡∏µ‡∏Ç‡∏∂‡πâ‡∏ô ‡πÇ‡∏î‡∏¢‡∏Å‡∏≤‡∏£‡∏™‡∏£‡πâ‡∏≤‡∏á‡πÄ‡∏™‡πâ‡∏ô‡πÉ‡∏¢ Laminin¬†
- ‡∏ä‡πà‡∏ß‡∏¢‡πÄ‡∏£‡∏∑‡πà‡∏≠‡∏á‡∏Å‡∏≤‡∏£‡∏≠‡∏±‡∏Å‡πÄ‡∏™‡∏ö‡∏Ç‡∏≠‡∏á‡∏´‡∏ô‡∏±‡∏á‡∏®‡∏µ‡∏£‡∏©‡∏∞

üî¨Capixyl 2% (‡∏™‡∏≤‡∏£‡∏™‡∏Å‡∏±‡∏î‡∏à‡∏≤‡∏Å‡∏ï‡πâ‡∏ô Red Clover)
- ‡∏ó‡∏≥‡πÉ‡∏´‡πâ‡πÄ‡∏≠‡∏ô‡πÑ‡∏ã‡∏°‡πå 5Œ±-Reductase ‡∏ó‡∏µ‡πà‡∏°‡∏µ‡∏Ñ‡∏ß‡∏≤‡∏°‡∏™‡∏≥‡∏Ñ‡∏±‡∏ç‡πÉ‡∏ô‡∏Å‡∏≤‡∏£‡∏ú‡∏•‡∏¥‡∏ï‡∏Æ‡∏≠‡∏£‡πå‡πÇ‡∏°‡∏ô DHT ‡∏ó‡∏≥‡∏á‡∏≤‡∏ô‡πÑ‡∏î‡πâ‡∏ô‡πâ‡∏≠‡∏¢‡∏•‡∏á
- ‡∏ä‡πà‡∏ß‡∏¢‡πÄ‡∏£‡∏∑‡πà‡∏≠‡∏á‡∏Å‡∏≤‡∏£‡πÑ‡∏´‡∏•‡πÄ‡∏ß‡∏µ‡∏¢‡∏ô‡πÇ‡∏•‡∏´‡∏¥‡∏ï ‡∏ó‡∏≥‡πÉ‡∏´‡πâ‡∏°‡∏µ‡∏≠‡∏≤‡∏´‡∏≤‡∏£‡πÑ‡∏õ‡πÄ‡∏•‡∏µ‡πâ‡∏¢‡∏á‡∏£‡∏≤‡∏Å‡∏ú‡∏°‡∏°‡∏≤‡∏Å‡∏Ç‡∏∂‡πâ‡∏ô
- ‡∏ä‡πà‡∏ß‡∏¢‡πÉ‡∏´‡πâ‡∏£‡∏≤‡∏Å‡∏ú‡∏°‡πÅ‡∏Ç‡πá‡∏á‡πÅ‡∏£‡∏á ‡∏¢‡∏∂‡∏î‡πÄ‡∏Å‡∏≤‡∏∞‡∏´‡∏ô‡∏±‡∏á‡∏®‡∏µ‡∏£‡∏©‡∏∞‡πÑ‡∏î‡πâ‡∏î‡∏µ‡∏Ç‡∏∂‡πâ‡∏ô¬†
- ‡∏ä‡πà‡∏ß‡∏¢‡πÄ‡∏£‡∏∑‡πà‡∏≠‡∏á‡∏Å‡∏≤‡∏£‡∏≠‡∏±‡∏Å‡πÄ‡∏™‡∏ö‡∏Ç‡∏≠‡∏á‡∏´‡∏ô‡∏±‡∏á‡∏®‡∏µ‡∏£‡∏©‡∏∞¬†

üî¨Aminobutyric Acid (‡∏™‡∏≤‡∏£‡∏™‡∏Å‡∏±‡∏î‡∏à‡∏≤‡∏Å‡∏Ç‡πâ‡∏≤‡∏ß‡∏™‡∏±‡∏á‡∏Ç‡πå‡∏´‡∏¢‡∏î)¬†
- ‡πÑ‡∏î‡πâ‡∏£‡∏±‡∏ö‡∏Å‡∏≤‡∏£‡∏ß‡∏¥‡∏à‡∏±‡∏¢‡∏à‡∏≤‡∏Å‡∏°‡∏´‡∏≤‡∏•‡∏±‡∏¢‡πÅ‡∏°‡πà‡∏ü‡πâ‡∏≤‡∏´‡∏•‡∏ß‡∏á‡∏û‡∏ö‡∏ß‡πà‡∏≤‡∏•‡∏î‡∏Å‡∏≤‡∏£‡∏´‡∏•‡∏∏‡∏î‡∏£‡πà‡∏ß‡∏á‡∏Ç‡∏≠‡∏á‡πÄ‡∏™‡πâ‡∏ô‡∏ú‡∏°‡πÑ‡∏î‡πâ‡∏ñ‡∏∂‡∏á 80%¬†
- ‡∏≠‡∏≤‡∏™‡∏≤‡∏™‡∏°‡∏±‡∏Ñ‡∏£‡∏°‡∏µ‡∏ú‡∏°‡∏ó‡∏µ‡πà‡∏´‡∏ô‡∏≤‡∏Ç‡∏∂‡πâ‡∏ô‡πÅ‡∏•‡∏∞‡∏™‡∏∏‡∏Ç‡∏†‡∏≤‡∏û‡∏ú‡∏°‡πÅ‡∏Ç‡πá‡∏á‡πÅ‡∏£‡∏á‡∏Ç‡∏∂‡πâ‡∏ô
- ‡∏ö‡∏£‡∏¥‡πÄ‡∏ß‡∏ì‡∏ó‡∏µ‡πà‡∏°‡∏µ‡∏†‡∏≤‡∏ß‡∏∞‡∏ú‡∏°‡∏ö‡∏≤‡∏á‡∏°‡∏µ‡∏Å‡∏≤‡∏£‡∏á‡∏≠‡∏Å‡πÉ‡∏´‡∏°‡πà ‡πÉ‡∏ô 2 ‡πÄ‡∏î‡∏∑‡∏≠‡∏ô

üî¨Copper Tripeptide-1
- ‡∏ä‡πà‡∏ß‡∏¢‡πÄ‡∏£‡∏∑‡πà‡∏≠‡∏á‡∏Å‡∏≤‡∏£‡πÑ‡∏´‡∏•‡πÄ‡∏ß‡∏µ‡∏¢‡∏ô‡πÇ‡∏•‡∏´‡∏¥‡∏ï ‡∏ó‡∏≥‡πÉ‡∏´‡πâ‡∏°‡∏µ‡∏≠‡∏≤‡∏´‡∏≤‡∏£‡πÑ‡∏õ‡πÄ‡∏•‡∏µ‡πâ‡∏¢‡∏á‡∏£‡∏≤‡∏Å‡∏ú‡∏°‡∏°‡∏≤‡∏Å‡∏Ç‡∏∂‡πâ‡∏ô
- ‡∏ó‡∏≥‡πÉ‡∏´‡πâ IGF-1 ‡∏ú‡∏•‡∏¥‡∏ï‡∏°‡∏≤‡∏Å‡∏Ç‡∏∂‡πâ‡∏ô ‡∏ä‡πà‡∏ß‡∏¢‡πÉ‡∏ô‡∏Å‡∏≤‡∏£‡∏á‡∏≠‡∏Å‡πÅ‡∏•‡∏∞‡πÄ‡∏à‡∏£‡∏¥‡∏ç‡πÄ‡∏ï‡∏¥‡∏ö‡πÇ‡∏ï‡∏Ç‡∏≠‡∏á‡∏ú‡∏°
- ‡∏ä‡πà‡∏ß‡∏¢‡πÉ‡∏´‡πâ‡πÄ‡∏ã‡∏•‡∏•‡πå‡∏£‡∏≤‡∏Å‡∏ú‡∏°‡πÅ‡∏ö‡πà‡∏á‡∏ï‡∏±‡∏ß‡∏°‡∏≤‡∏Å‡∏Ç‡∏∂‡πâ‡∏ô‡πÅ‡∏•‡∏∞‡πÄ‡∏™‡∏∑‡πà‡∏≠‡∏°‡∏™‡∏†‡∏≤‡∏û‡∏ô‡πâ‡∏≠‡∏¢‡∏•‡∏á

üî¨Coffee Extract (‡∏™‡∏≤‡∏£‡∏™‡∏Å‡∏±‡∏î‡∏à‡∏≤‡∏Å‡πÄ‡∏°‡πá‡∏î‡∏Å‡∏≤‡πÅ‡∏ü)
- ‡∏ó‡∏≥‡πÉ‡∏´‡πâ IGF-1 ‡∏ú‡∏•‡∏¥‡∏ï‡∏°‡∏≤‡∏Å‡∏Ç‡∏∂‡πâ‡∏ô ‡∏ä‡πà‡∏ß‡∏¢‡πÉ‡∏ô‡∏Å‡∏≤‡∏£‡∏á‡∏≠‡∏Å‡πÅ‡∏•‡∏∞‡πÄ‡∏à‡∏£‡∏¥‡∏ç‡πÄ‡∏ï‡∏¥‡∏ö‡πÇ‡∏ï‡∏Ç‡∏≠‡∏á‡∏ú‡∏°
- ‡∏¢‡∏∑‡∏î‡∏£‡∏∞‡∏¢‡∏∞‡∏Å‡∏≤‡∏£‡πÄ‡∏à‡∏£‡∏¥‡∏ç‡πÄ‡∏ï‡∏¥‡∏ö‡πÇ‡∏ï‡∏Ç‡∏≠‡∏á‡πÄ‡∏™‡πâ‡∏ô‡∏ú‡∏°
- ‡∏ä‡πà‡∏ß‡∏¢‡πÄ‡∏£‡∏∑‡πà‡∏≠‡∏á‡∏ú‡∏°‡∏£‡πà‡∏ß‡∏á‡∏à‡∏≤‡∏Å‡∏Æ‡∏≠‡∏£‡πå‡πÇ‡∏°‡∏ô‡πÄ‡∏û‡∏®‡∏ä‡∏≤‡∏¢

üî¨Bergamot Oil (‡∏™‡∏≤‡∏£‡∏™‡∏Å‡∏±‡∏î‡∏à‡∏≤‡∏Å‡∏°‡∏∞‡∏Å‡∏£‡∏π‡∏î)
- ‡∏ó‡∏≥‡πÉ‡∏´‡πâ‡πÄ‡∏ä‡∏∑‡πâ‡∏≠ C. albicans ‡∏ã‡∏∂‡πà‡∏á‡πÄ‡∏õ‡πá‡∏ô‡∏õ‡∏±‡∏à‡∏à‡∏±‡∏¢‡∏Ç‡∏≠‡∏á‡∏Å‡∏≤‡∏£‡πÄ‡∏Å‡∏¥‡∏î‡∏£‡∏±‡∏á‡πÅ‡∏Ñ‡πÄ‡∏à‡∏£‡∏¥‡∏ç‡πÄ‡∏ï‡∏¥‡∏ö‡πÇ‡∏ï‡∏ô‡πâ‡∏≠‡∏¢‡∏•‡∏á
- ‡∏ä‡πà‡∏ß‡∏¢‡πÄ‡∏£‡∏∑‡πà‡∏≠‡∏á‡∏Å‡∏≤‡∏£‡πÄ‡∏à‡∏£‡∏¥‡∏ç‡πÄ‡∏ï‡∏¥‡∏ö‡πÇ‡∏ï‡∏Ç‡∏≠‡∏á‡πÄ‡∏™‡πâ‡∏ô‡∏ú‡∏°‡πÅ‡∏•‡∏∞‡∏Å‡∏≤‡∏£‡∏≠‡∏±‡∏Å‡πÄ‡∏™‡∏ö

üî¨Thyme Extract (‡∏™‡∏≤‡∏£‡∏™‡∏Å‡∏±‡∏î‡∏à‡∏≤‡∏Å‡πÉ‡∏ö‡πÑ‡∏ó‡∏°‡πå)
- ‡∏°‡∏µ‡∏õ‡∏£‡∏∞‡∏™‡∏¥‡∏ó‡∏ò‡∏¥‡∏†‡∏≤‡∏û‡πÉ‡∏ô‡∏Å‡∏≤‡∏£‡∏à‡∏±‡∏î‡∏Å‡∏≤‡∏£‡∏Å‡∏±‡∏ö‡πÅ‡∏ö‡∏Ñ‡∏ó‡∏µ‡πÄ‡∏£‡∏µ‡∏¢‡∏´‡∏•‡∏≤‡∏¢‡∏™‡∏≤‡∏¢‡∏û‡∏±‡∏ô‡∏ò‡∏∏‡πå

- ‡∏£‡∏≤‡∏á‡∏ß‡∏±‡∏• -
üèÜ The In-cosmetics Innovation Zone Best Ingredient Award 2014 [Redensyl]
üèÜ Gold Medal Prize from 2015 Kaohsiung International Invention & Design expo (KIDE XNUMX) [‡∏™‡∏≤‡∏£‡∏™‡∏Å‡∏±‡∏î‡∏à‡∏≤‡∏Å‡∏Ç‡πâ‡∏≤‡∏ß‡∏™‡∏±‡∏á‡∏Ç‡πå‡∏´‡∏¢‡∏î]
üèÜ Special Prize from Eurobusiness, Haller-Poland, in Kaohsiung International Invention & Design expo (KIDE 2015) [‡∏™‡∏≤‡∏£‡∏™‡∏Å‡∏±‡∏î‡∏à‡∏≤‡∏Å‡∏Ç‡πâ‡∏≤‡∏ß‡∏™‡∏±‡∏á‡∏Ç‡πå‡∏´‡∏¢‡∏î]
üèÜ Special Prize from Euro Invent, Romania in Kaohsiung International Invention & Design expo (KIDE 2015) [‡∏™‡∏≤‡∏£‡∏™‡∏Å‡∏±‡∏î‡∏à‡∏≤‡∏Å‡∏Ç‡πâ‡∏≤‡∏ß‡∏™‡∏±‡∏á‡∏Ç‡πå‡∏´‡∏¢‡∏î]

- ‡πÄ‡∏•‡∏Ç‡∏ó‡∏µ‡πà‡πÉ‡∏ö‡∏£‡∏±‡∏ö‡πÅ‡∏à‡πâ‡∏á -
13-1-6400024943

- ‡∏°‡∏≤‡∏ï‡∏£‡∏ê‡∏≤‡∏ô‡∏Å‡∏≤‡∏£‡∏ú‡∏•‡∏¥‡∏ï -
‚úî GMP, HACCP, ISO 9001
‚úî Research-backed Formulations¬†
‚úî ‡∏Ñ‡∏¥‡∏î‡∏Ñ‡πâ‡∏ô‡∏™‡∏π‡∏ï‡∏£‡πÇ‡∏î‡∏¢‡πÄ‡∏ô‡πâ‡∏ô‡∏Å‡∏≤‡∏£‡∏ó‡∏≥‡∏á‡∏≤‡∏ô‡∏£‡πà‡∏ß‡∏°‡∏Å‡∏±‡∏ô‡∏Ç‡∏≠‡∏á‡∏™‡πà‡∏ß‡∏ô‡∏ú‡∏™‡∏°‡πÄ‡∏û‡∏∑‡πà‡∏≠‡∏õ‡∏£‡∏∞‡∏™‡∏¥‡∏ó‡∏ò‡∏¥‡∏†‡∏≤‡∏û‡∏ó‡∏µ‡πà‡∏î‡∏µ‡∏Å‡∏ß‡πà‡∏≤
‚úî ‡∏Ñ‡∏ô‡∏ó‡πâ‡∏≠‡∏á‡πÅ‡∏•‡∏∞‡∏ú‡∏π‡πâ‡πÉ‡∏´‡πâ‡∏ô‡∏°‡∏ö‡∏∏‡∏ï‡∏£‡∏™‡∏≤‡∏°‡∏≤‡∏£‡∏ñ‡πÉ‡∏ä‡πâ‡πÑ‡∏î‡πâ
‚úî ‡πÑ‡∏°‡πà‡∏°‡∏µ‡∏ú‡∏•‡∏ï‡πà‡∏≠‡∏Å‡∏≤‡∏£‡∏Ç‡∏∂‡πâ‡∏ô‡∏Ç‡∏≠‡∏á‡∏Ç‡∏ô‡∏ö‡∏£‡∏¥‡πÄ‡∏ß‡∏ì‡∏≠‡∏∑‡πà‡∏ô‡πÜ‡πÉ‡∏ô‡∏£‡πà‡∏≤‡∏á‡∏Å‡∏≤‡∏¢
‚úî ‡∏õ‡∏£‡∏≤‡∏®‡∏à‡∏≤‡∏Å‡∏Å‡∏≤‡∏£‡∏ó‡∏î‡∏•‡∏≠‡∏á‡∏Å‡∏±‡∏ö‡∏™‡∏±‡∏ï‡∏ß‡πå
‚úî ‡∏õ‡∏£‡∏≤‡∏®‡∏à‡∏≤‡∏Å Mineral Oil, Alcohol, Perfume, SLS/SLES, Paraben, Silicone, Triclosan

- ‡∏ß‡∏¥‡∏ò‡∏µ‡πÉ‡∏ä‡πâ -
‡∏â‡∏µ‡∏î‡∏ß‡∏±‡∏ô‡∏•‡∏∞ 2 ‡∏Ñ‡∏£‡∏±‡πâ‡∏á ‡πÄ‡∏ä‡πâ‡∏≤/‡πÄ‡∏¢‡πá‡∏ô ‡πÅ‡∏´‡∏ß‡∏Å‡πÄ‡∏™‡πâ‡∏ô‡∏ú‡∏°‡∏à‡∏ô‡πÄ‡∏´‡πá‡∏ô‡∏´‡∏ô‡∏±‡∏á‡∏®‡∏µ‡∏£‡∏©‡∏∞ ‡πÅ‡∏•‡πâ‡∏ß‡∏â‡∏µ‡∏î‡∏™‡πÄ‡∏õ‡∏£‡∏¢‡πå‡∏ó‡∏µ‡∏•‡∏∞‡∏™‡πà‡∏ß‡∏ô‡∏à‡∏ô‡∏ó‡∏±‡πà‡∏ß‡πÇ‡∏î‡∏¢‡πÑ‡∏°‡πà‡∏à‡∏≥‡πÄ‡∏õ‡πá‡∏ô‡∏ï‡πâ‡∏≠‡∏á‡πÇ‡∏î‡∏ô‡πÄ‡∏™‡πâ‡∏ô‡∏ú‡∏° ‡∏à‡∏≤‡∏Å‡∏ô‡∏±‡πâ‡∏ô‡∏ô‡∏ß‡∏î‡∏´‡∏ô‡∏±‡∏á‡∏®‡∏µ‡∏£‡∏©‡∏∞‡∏î‡πâ‡∏ß‡∏¢‡∏õ‡∏•‡∏≤‡∏¢‡∏ô‡∏¥‡πâ‡∏ß‡∏à‡∏ô‡∏ã‡∏∂‡∏°

- ‡∏£‡∏≤‡∏¢‡∏•‡∏∞‡πÄ‡∏≠‡∏µ‡∏¢‡∏î‡∏™‡∏¥‡∏ô‡∏Ñ‡πâ‡∏≤ -
1 ‡∏Ç‡∏ß‡∏î ‡∏ö‡∏£‡∏£‡∏à‡∏∏ 50 ml.

-How to ‡πÄ‡∏•‡∏∑‡∏≠‡∏Å‡πÉ‡∏ä‡πâ-
3 Serum Applicators
‡∏´‡∏±‡∏ß‡∏´‡∏•‡∏≠‡∏î‡∏´‡∏¢‡∏î: ‡∏´‡∏¢‡∏î‡πÉ‡∏ä‡πâ‡πÄ‡∏â‡∏û‡∏≤‡∏∞‡∏à‡∏∏‡∏î
‡∏´‡∏±‡∏ß‡∏Å‡πâ‡∏≤‡∏ô‡∏¢‡∏≤‡∏ß : ‡πÄ‡∏à‡∏≤‡∏∞‡∏•‡∏∂‡∏Å‡∏ñ‡∏∂‡∏á‡πÇ‡∏Ñ‡∏ô‡∏ú‡∏°
‡∏´‡∏±‡∏ß‡∏™‡πÄ‡∏õ‡∏£‡∏¢‡πå‡∏õ‡∏Å‡∏ï‡∏¥ : ‡∏â‡∏µ‡∏î‡∏û‡πà‡∏ô‡∏ó‡∏±‡πà‡∏ß‡∏´‡∏ô‡∏±‡∏á‡∏®‡∏µ‡∏£‡∏©‡∏∞

- ‡∏ó‡∏≥‡πÑ‡∏°‡∏ï‡πâ‡∏≠‡∏á‡πÉ‡∏ä‡πâ 3 ‡πÄ‡∏î‡∏∑‡∏≠‡∏ô‡∏Ç‡∏∂‡πâ‡∏ô‡πÑ‡∏õ -
‡∏ß‡∏á‡∏à‡∏£‡∏Å‡∏≤‡∏£‡∏£‡πà‡∏ß‡∏á‡∏Ç‡∏≠‡∏á‡πÄ‡∏™‡πâ‡∏ô‡∏ú‡∏°‡πÅ‡∏ö‡πà‡∏á‡∏≠‡∏≠‡∏Å‡πÄ‡∏õ‡πá‡∏ô 3 ‡∏£‡∏∞‡∏¢‡∏∞
‚úî ‡∏£‡∏∞‡∏¢‡∏∞‡πÄ‡∏ï‡∏¥‡∏ö‡πÇ‡∏ï (Anagen): 90% ‡∏Ç‡∏≠‡∏á‡πÄ‡∏™‡πâ‡∏ô‡∏ú‡∏° ‡∏´‡∏£‡∏∑‡∏≠‡∏õ‡∏£‡∏∞‡∏°‡∏≤‡∏ì 90,000 ‡πÄ‡∏™‡πâ‡∏ô ‡∏£‡∏∞‡∏¢‡∏∞‡πÄ‡∏ß‡∏•‡∏≤ 2-8 ‡∏õ‡∏µ
‚úî ‡∏£‡∏∞‡∏¢‡∏∞‡∏´‡∏¢‡∏∏‡∏î‡πÄ‡∏ï‡∏¥‡∏ö‡πÇ‡∏ï (Catagen): 1% ‡∏Ç‡∏≠‡∏á‡πÄ‡∏™‡πâ‡∏ô‡∏ú‡∏° ‡∏´‡∏£‡∏∑‡∏≠‡∏õ‡∏£‡∏∞‡∏°‡∏≤‡∏ì 1,000 ‡πÄ‡∏™‡πâ‡∏ô ‡∏£‡∏∞‡∏¢‡∏∞‡πÄ‡∏ß‡∏•‡∏≤ 4-6 ‡∏™‡∏±‡∏õ‡∏î‡∏≤‡∏´‡πå
‚úî ‡∏£‡∏∞‡∏¢‡∏∞‡∏´‡∏•‡∏∏‡∏î‡∏£‡πà‡∏ß‡∏á (Telogen): 9% ‡∏Ç‡∏≠‡∏á‡πÄ‡∏™‡πâ‡∏ô‡∏ú‡∏° ‡∏´‡∏£‡∏∑‡∏≠‡∏õ‡∏£‡∏∞‡∏°‡∏≤‡∏ì 9,000 ‡πÄ‡∏™‡πâ‡∏ô ‡∏£‡∏∞‡∏¢‡∏∞‡πÄ‡∏ß‡∏•‡∏≤ 2-3 ‡πÄ‡∏î‡∏∑‡∏≠‡∏ô
‡πÄ‡∏ô‡∏∑‡πà‡∏≠‡∏á‡∏à‡∏≤‡∏Å‡∏£‡∏∞‡∏¢‡∏∞‡∏´‡∏•‡∏∏‡∏î‡∏£‡πà‡∏ß‡∏á‡∏Ç‡∏≠‡∏á‡πÄ‡∏™‡πâ‡∏ô‡∏ú‡∏°‡∏à‡∏∞‡∏ô‡∏≤‡∏ô‡∏õ‡∏£‡∏∞‡∏°‡∏≤‡∏ì 3 ‡πÄ‡∏î‡∏∑‡∏≠‡∏ô ‡∏à‡∏∂‡∏á‡∏Ñ‡∏ß‡∏£‡πÉ‡∏ä‡πâ‡∏ï‡πà‡∏≠‡πÄ‡∏ô‡∏∑‡πà‡∏≠‡∏á 3 ‡πÄ‡∏î‡∏∑‡∏≠‡∏ô‡∏Ç‡∏∂‡πâ‡∏ô‡πÑ‡∏õ ‡πÄ‡∏û‡∏∑‡πà‡∏≠‡πÉ‡∏´‡πâ‡πÄ‡∏´‡πá‡∏ô‡∏Å‡∏≤‡∏£‡πÄ‡∏õ‡∏•‡∏µ‡πà‡∏¢‡∏ô‡πÅ‡∏õ‡∏•‡∏á‡∏ó‡∏µ‡πà‡∏ä‡∏±‡∏î‡πÄ‡∏à‡∏ô‡∏´‡∏•‡∏±‡∏á‡πÄ‡∏™‡πâ‡∏ô‡∏ú‡∏°‡∏Å‡∏•‡∏±‡∏ö‡∏°‡∏≤‡∏£‡∏∞‡∏¢‡∏∞‡πÄ‡∏à‡∏£‡∏¥‡∏ç‡πÄ‡∏ï‡∏¥‡∏ö‡πÇ‡∏ï‡∏≠‡∏µ‡∏Å‡∏Ñ‡∏£‡∏±‡πâ‡∏á","https://cf.shopee.co.th/file/th-11134207-7ra0k-md9spjanvxdxc1","https://cf.shopee.co.th/file/th-11134207-7rasg-m9ydtuc0ed0gcd","https://cf.shopee.co.th/file/th-11134207-7rasd-m9ydtx28emhsfc","https://cf.shopee.co.th/file/th-11134207-7rasj-m9ydu9w7nzse96","https://cf.shopee.co.th/file/th-11134207-7rasc-m9yduclbogo0e8","https://cf.shopee.co.th/file/th-11134207-7rasi-m9ydufq937xqb9","Not Available","‡∏ú‡∏•‡∏¥‡∏ï‡∏†‡∏±‡∏ì‡∏ë‡πå‡∏ö‡∏≥‡∏£‡∏∏‡∏á‡πÅ‡∏•‡∏∞‡πÄ‡∏™‡∏£‡∏¥‡∏°‡∏Ñ‡∏ß‡∏≤‡∏°‡∏á‡∏≤‡∏° > ‡∏ú‡∏•‡∏¥‡∏ï‡∏†‡∏±‡∏ì‡∏ë‡πå‡∏î‡∏π‡πÅ‡∏•‡∏ú‡∏° > ‡∏ó‡∏£‡∏µ‡∏ó‡πÄ‡∏°‡πâ‡∏ô‡∏ó‡πå‡∏ö‡∏≥‡∏£‡∏∏‡∏á‡πÄ‡∏™‡πâ‡∏ô‡∏ú‡∏°","‡∏Ç‡∏ô‡∏≤‡∏î‡∏™‡∏¥‡∏ô‡∏Ñ‡πâ‡∏≤: ‡∏Ç‡∏ô‡∏≤‡∏î‡πÉ‡∏´‡∏ç‡πà; ‡∏™‡∏£‡∏£‡∏û‡∏Ñ‡∏∏‡∏∏‡∏ì‡∏Ç‡∏≠‡∏á‡∏ú‡∏•‡∏¥‡∏ï‡∏†‡∏±‡∏ì‡∏ë‡πå‡∏î‡∏π‡πÅ‡∏•‡πÄ‡∏™‡πâ‡∏ô‡∏ú‡∏°: ‡∏õ‡πâ‡∏≠‡∏á‡∏Å‡∏±‡∏ô‡∏ú‡∏°‡∏ö‡∏≤‡∏á / ‡∏ú‡∏°‡∏£‡πà‡∏ß‡∏á; ‡∏õ‡∏£‡∏¥‡∏°‡∏≤‡∏ì: 50ml; ‡∏´‡∏°‡∏≤‡∏¢‡πÄ‡∏•‡∏Ç‡πÉ‡∏ö‡∏≠‡∏ô‡∏∏‡∏ç‡∏≤‡∏ï/‡∏≠‡∏¢.: 13-1-6400024943","‡∏à‡∏≥‡∏ô‡∏ß‡∏ô: 1 ‡∏Ç‡∏ß‡∏î, 1 ‡∏Ç‡∏ß‡∏î (Promotion), 2 ‡∏Ç‡∏ß‡∏î ‡∏•‡∏î‡πÄ‡∏û‡∏¥‡πà‡∏° 100 ‡∏ö., 4 ‡∏Ç‡∏ß‡∏î ‡∏•‡∏î‡πÄ‡∏û‡∏¥‡πà‡∏° 360 ‡∏ö., 1 ‡∏Ç‡∏ß‡∏î (Promotion)*, 2‡∏Ç‡∏ß‡∏î (Promotion); ‡∏ï‡∏±‡∏ß‡πÄ‡∏•‡∏∑‡∏≠‡∏Å‡∏´‡∏±‡∏ß‡∏â‡∏µ‡∏î: ‡∏´‡∏±‡∏ß‡∏™‡πÄ‡∏õ‡∏£‡∏¢‡πå‡∏õ‡∏Å‡∏ï‡∏¥, +‡∏´‡∏±‡∏ß‡∏´‡∏•‡∏≠‡∏î‡∏´‡∏¢‡∏î 1 ‡∏≠‡∏±‡∏ô, +‡∏´‡∏±‡∏ß‡∏Å‡πâ‡∏≤‡∏ô‡∏¢‡∏≤‡∏ß 1 ‡∏≠‡∏±‡∏ô, ‡∏ü‡∏£‡∏µ! ‡∏´‡∏±‡∏ß‡πÉ‡∏´‡∏°‡πà 2 ‡πÅ‡∏ö‡∏ö","No","Yes","No","No","Not Available","2","normal","1","4.937856","97","504982","https://shopee.co.th/product/378498789/11843878071","https://shopee.co.th/shop/378498789"
40001977474,"916462156","‡πÇ‡∏ï‡πä‡∏∞‡∏Ñ‡∏≠‡∏° ‡πÇ‡∏ï‡πä‡∏∞‡πÄ‡∏Ç‡πâ‡∏≤‡∏°‡∏∏‡∏°‡∏ï‡∏±‡∏ß L 120/140CM ‡πÇ‡∏ï‡πä‡∏∞‡πÄ‡∏Å‡∏° ‡∏Å‡∏£‡∏∞‡∏î‡∏≤‡∏ô‡∏ó‡∏µ‡πà‡∏´‡∏ô‡∏≤‡∏Ç‡∏∂‡πâ‡∏ô ‡πÇ‡∏ï‡πä‡∏∞‡πÄ‡∏•‡πà‡∏ô‡πÄ‡∏Å‡∏°‡πÄ‡∏Ç‡πâ‡∏≤‡∏°‡∏∏‡∏° ‡∏£‡∏±‡∏ö‡∏ô‡πâ‡∏≥‡∏´‡∏ô‡∏±‡∏Å‡πÑ‡∏î‡πâ 600KG","Not Available","198.00","2000.00","THB","90","23386","23386","895","160","160","123","58","4.758620689655173","58","KIESO shop","‡∏à‡∏±‡∏á‡∏´‡∏ß‡∏±‡∏î‡∏™‡∏°‡∏∏‡∏ó‡∏£‡∏õ‡∏£‡∏≤‡∏Å‡∏≤‡∏£","üíñ‡∏¢‡∏¥‡∏ô‡∏î‡∏µ‡∏ï‡πâ‡∏≠‡∏ô‡∏£‡∏±‡∏ö‡∏™‡∏π‡πà‡∏£‡πâ‡∏≤‡∏ô KIESO ‡πÄ‡∏£‡∏≤‡∏à‡∏∞‡∏à‡∏±‡∏î‡∏´‡∏≤‡∏ú‡∏•‡∏¥‡∏ï‡∏†‡∏±‡∏ì‡∏ë‡πå‡∏Ñ‡∏∏‡∏ì‡∏†‡∏≤‡∏û‡∏î‡∏µ‡∏ó‡∏µ‡πà‡∏™‡∏∏‡∏î‡πÉ‡∏´‡πâ‡∏Å‡∏±‡∏ö‡∏Ñ‡∏∏‡∏ìüíñ
üåà‡∏ú‡∏•‡∏¥‡∏ï‡∏†‡∏±‡∏ì‡∏ë‡πå‡∏Ç‡∏≠‡∏á‡πÄ‡∏£‡∏≤‡∏°‡∏µ‡πÉ‡∏ô‡∏™‡∏ï‡πá‡∏≠‡∏Å ‡∏Ñ‡∏•‡∏±‡∏á‡∏™‡∏¥‡∏ô‡∏Ñ‡πâ‡∏≤‡∏Ç‡∏≠‡∏á‡πÄ‡∏£‡∏≤‡∏≠‡∏¢‡∏π‡πà‡πÉ‡∏ô‡∏Å‡∏£‡∏∏‡∏á‡πÄ‡∏ó‡∏û
üåà‡∏à‡∏±‡∏î‡∏™‡πà‡∏á‡∏†‡∏≤‡∏¢‡πÉ‡∏ô 24 ‡∏ä‡∏±‡πà‡∏ß‡πÇ‡∏°‡∏á
‚ú®‡∏Å‡∏≤‡∏£‡∏£‡∏±‡∏ö‡∏õ‡∏£‡∏∞‡∏Å‡∏±‡∏ô‡∏ñ‡∏≤‡∏ß‡∏£‚ú®
‚ú®‡πÄ‡∏£‡∏≤‡∏¢‡∏¥‡∏ô‡∏î‡∏µ‡∏ï‡πâ‡∏≠‡∏ô‡∏£‡∏±‡∏ö‡∏ó‡∏∏‡∏Å‡∏ó‡πà‡∏≤‡∏ô‡πÅ‡∏•‡∏∞‡∏´‡∏ß‡∏±‡∏á‡∏ß‡πà‡∏≤‡∏à‡∏∞‡πÄ‡∏û‡∏¥‡πà‡∏°‡∏Ñ‡∏ß‡∏≤‡∏°‡∏á‡∏≤‡∏°‡πÅ‡∏•‡∏∞‡∏Ñ‡∏ß‡∏≤‡∏°‡∏™‡∏∏‡∏Ç‡πÉ‡∏ô‡∏ö‡πâ‡∏≤‡∏ô‡∏Ç‡∏≠‡∏á‡∏Ñ‡∏∏‡∏ì‚ú®

üéâ ‡∏Ç‡∏ô‡∏≤‡∏î(‡∏ö‡∏µ‡∏ä/‡∏î‡∏≥)üéâ
‡∏î‡πâ‡∏≤‡∏ô‡∏™‡∏±‡πâ‡∏ô 110cm(L)*48cm(W)*73cm(H)
‡∏î‡πâ‡∏≤‡∏ô‡∏¢‡∏≤‡∏ß: 120cm(L)*48cm(W)73cm(H)
‡∏Ñ‡∏ß‡∏≤‡∏°‡∏¢‡∏≤‡∏ß‡∏ñ‡∏≤‡∏î‡∏ß‡∏≤‡∏á‡∏Ñ‡∏µ‡∏¢‡πå‡∏ö‡∏≠‡∏£‡πå‡∏î 55 ‡∏ã‡∏°.
‡∏ô‡πâ‡∏≥‡∏´‡∏ô‡∏±‡∏Å‡∏™‡∏¥‡∏ô‡∏Ñ‡πâ‡∏≤: 21.65 ‡∏Å‡∏Å.

‚ú®‡∏Ñ‡∏∏‡∏ì‡∏™‡∏°‡∏ö‡∏±‡∏ï‡∏¥‚ú®
‚úÖ1. ‡πÇ‡∏ï‡πä‡∏∞‡∏ó‡∏≥‡∏á‡∏≤‡∏ô‡πÑ‡∏°‡πâ ‡∏£‡∏π‡∏õ‡∏ï‡∏±‡∏ß L ‡πÄ‡∏Ç‡πâ‡∏≤‡∏°‡∏∏‡∏°
‚úÖ2. ‡πÇ‡∏ï‡πä‡∏∞‡∏ñ‡∏π‡∏Å‡∏≠‡∏≠‡∏Å‡πÅ‡∏ö‡∏ö‡πÉ‡∏´‡πâ‡πÄ‡∏õ‡πá‡∏ô‡∏£‡∏π‡∏õ‡∏ï‡∏±‡∏ß L ‡∏™‡∏≥‡∏´‡∏£‡∏±‡∏ö‡πÄ‡∏Ç‡πâ‡∏≤‡∏°‡∏∏‡∏° ‡πÄ‡∏û‡∏∑‡πà‡∏≠‡∏Å‡∏≤‡∏£‡πÉ‡∏ä‡πâ‡∏û‡∏∑‡πâ‡∏ô‡∏ó‡∏µ‡πà‡πÉ‡∏´‡πâ‡πÄ‡∏Å‡∏¥‡∏î‡∏õ‡∏£‡∏∞‡πÇ‡∏¢‡∏ä‡∏ô‡πå‡∏™‡∏π‡∏á‡∏™‡∏∏‡∏î
‚úÖ3. ‡πÇ‡∏Ñ‡∏£‡∏á‡∏™‡∏£‡πâ‡∏≤‡∏á‡πÇ‡∏ï‡πä‡∏∞‡∏ó‡∏≥‡∏à‡∏≤‡∏Å‡πÄ‡∏´‡∏•‡πá‡∏Å‡∏Å‡∏•‡πâ‡∏≤‡∏û‡πà‡∏ô‡∏™‡∏µ‡∏Å‡∏±‡∏ô‡∏™‡∏ô‡∏¥‡∏° ‡πÅ‡∏Ç‡πá‡∏á‡πÅ‡∏£‡∏á ‡∏ó‡∏ô‡∏ó‡∏≤‡∏ô
‚úÖ4. ‡πÇ‡∏Ñ‡∏£‡∏á‡∏™‡∏£‡πâ‡∏≤‡∏á‡πÄ‡∏´‡∏•‡πá‡∏Å‡∏£‡∏π‡∏õ‡∏ï‡∏±‡∏ß Z ‡∏≠‡∏≠‡∏Å‡πÅ‡∏ö‡∏ö‡∏ï‡∏≤‡∏°‡∏´‡∏•‡∏±‡∏Å‡∏Å‡∏•‡∏®‡∏≤‡∏™‡∏ï‡∏£‡πå ‡∏°‡∏±‡πà‡∏ô‡∏Ñ‡∏á ‡πÅ‡∏Ç‡πá‡∏á‡πÅ‡∏£‡∏á ‡∏ä‡πà‡∏ß‡∏¢‡∏£‡∏≠‡∏á‡∏£‡∏±‡∏ö‡∏ô‡πâ‡∏≥‡∏´‡∏ô‡∏±‡∏Å‡πÑ‡∏î‡πâ‡∏î‡∏µ
‚úÖ5. ‡πÇ‡∏ï‡πä‡∏∞‡∏ó‡∏≥‡∏á‡∏≤‡∏ô‡∏™‡∏≤‡∏°‡∏≤‡∏£‡∏ñ‡∏™‡∏•‡∏±‡∏ö‡∏î‡πâ‡∏≤‡∏ô‡∏¢‡∏≤‡∏ß‡πÅ‡∏•‡∏∞‡∏î‡πâ‡∏≤‡∏ô‡∏™‡∏±‡πâ‡∏ô‡πÑ‡∏î‡πâ‡∏ï‡∏≤‡∏°‡∏Ñ‡∏ß‡∏≤‡∏°‡∏ï‡πâ‡∏≠‡∏á‡∏Å‡∏≤‡∏£
‚úÖ6. ‡∏°‡∏µ‡∏ñ‡∏≤‡∏î‡∏ß‡∏≤‡∏á‡∏Ñ‡∏µ‡∏¢‡πå‡∏ö‡∏≠‡∏£‡πå‡∏î‡πÅ‡∏ö‡∏ö‡∏£‡∏≤‡∏á‡πÄ‡∏•‡∏∑‡πà‡∏≠‡∏ô‡∏™‡∏≤‡∏°‡∏≤‡∏£‡∏ñ‡∏õ‡∏£‡∏±‡∏ö‡∏ï‡∏≥‡πÅ‡∏´‡∏ô‡πà‡∏á‡πÑ‡∏î‡πâ‡∏ï‡∏≤‡∏°‡∏ï‡πâ‡∏≠‡∏á‡∏Å‡∏≤‡∏£ ‡πÄ‡∏•‡∏∑‡πà‡∏≠‡∏ô‡πÄ‡∏Ç‡πâ‡∏≤-‡∏≠‡∏≠‡∏Å‡πÑ‡∏î‡πâ 3 ‡∏£‡∏∞‡∏î‡∏±‡∏ö
‚úÖ7. ‡∏´‡∏ô‡πâ‡∏≤‡πÇ‡∏ï‡πä‡∏∞‡∏ú‡∏•‡∏¥‡∏ï‡∏à‡∏≤‡∏Å‡πÑ‡∏°‡πâ MDF 
‚úÖ8. ‡∏õ‡∏¥‡∏î‡∏ú‡∏¥‡∏ß‡∏î‡πâ‡∏ß‡∏¢‡πÄ‡∏°‡∏•‡∏≤‡∏°‡∏µ‡∏ô ‡πÉ‡∏´‡πâ‡∏Ñ‡∏ß‡∏≤‡∏°‡∏£‡∏π‡πâ‡∏™‡∏∂‡∏Å‡πÉ‡∏ô‡∏Å‡∏≤‡∏£‡∏™‡∏±‡∏°‡∏ú‡∏±‡∏™‡∏ó‡∏µ‡πà‡∏î‡∏µ ‡πÄ‡∏õ‡πá‡∏ô‡∏ò‡∏£‡∏£‡∏°‡∏ä‡∏≤‡∏ï‡∏¥ ‡∏™‡∏ß‡∏¢‡∏á‡∏≤‡∏°
‚úÖ9. ‡∏ó‡∏≥‡∏Ñ‡∏ß‡∏≤‡∏°‡∏™‡∏∞‡∏≠‡∏≤‡∏î‡∏á‡πà‡∏≤‡∏¢ ‡∏°‡∏µ‡∏≠‡∏≤‡∏¢‡∏∏‡∏Å‡∏≤‡∏£‡πÉ‡∏ä‡πâ‡∏á‡∏≤‡∏ô‡∏ó‡∏µ‡πà‡∏¢‡∏≤‡∏ß‡∏ô‡∏≤‡∏ô
‚úÖ10. ‡∏£‡∏≠‡∏á‡∏£‡∏±‡∏ö‡∏ô‡πâ‡∏≥‡∏´‡∏ô‡∏±‡∏Å‡πÅ‡∏ö‡∏ö‡∏Å‡∏£‡∏∞‡∏à‡∏≤‡∏¢‡πÅ‡∏£‡∏á‡πÑ‡∏î‡πâ‡∏™‡∏π‡∏á‡∏™‡∏∏‡∏î 300 ‡∏Å‡∏¥‡πÇ‡∏•‡∏Å‡∏£‡∏±‡∏°
‚úÖ11. ‡∏ã‡πà‡∏≠‡∏°‡πÅ‡∏ã‡∏°‡πÅ‡∏Å‡πâ‡πÑ‡∏Ç‡∏û‡∏∑‡πâ‡∏ô‡∏ú‡∏¥‡∏ß‡∏´‡∏ô‡πâ‡∏≤‡πÇ‡∏ï‡πä‡∏∞‡πÑ‡∏î‡πâ‡∏á‡πà‡∏≤‡∏¢ ‡∏´‡∏≤‡∏ã‡∏∑‡πâ‡∏≠‡πÑ‡∏î‡πâ‡∏ï‡∏≤‡∏°‡∏ó‡πâ‡∏≠‡∏á‡∏ï‡∏•‡∏≤‡∏î‡∏ó‡∏±‡πà‡∏ß‡πÑ‡∏õ
‚úÖ12. ‡∏Ç‡∏ô‡∏≤‡∏î‡∏™‡∏¥‡∏ô‡∏Ñ‡πâ‡∏≤ ‡∏Å‡∏ß‡πâ‡∏≤‡∏á120 x ‡∏•‡∏∂‡∏Å110 x ‡∏™‡∏π‡∏á73 ‡∏ã‡∏°.

‚ú® ‡∏â‡∏≤‡∏Å‡∏ó‡∏µ‡πà‡πÉ‡∏ä‡πâ ‚ú®
- ‡πÄ‡∏´‡∏°‡∏≤‡∏∞‡∏™‡∏≥‡∏´‡∏£‡∏±‡∏ö‡πÑ‡∏ß‡πâ‡∏ó‡∏µ‡πà‡∏≠‡∏≠‡∏ü‡∏ü‡∏¥‡∏® ‡πÑ‡∏ß‡πâ‡∏ó‡∏µ‡πà‡∏ö‡πâ‡∏≤‡∏ô ‡∏´‡∏£‡∏∑‡∏≠ ‡∏ß‡∏≤‡∏á‡∏Ç‡∏≠‡∏á‡∏ô‡∏≠‡∏Å‡∏ö‡πâ‡∏≤‡∏ô‡πÑ‡∏î‡πâ
- ‡πÇ‡∏ï‡πä‡∏∞‡∏Å‡∏ß‡πâ‡∏≤‡∏á‡πÉ‡∏ä‡πâ‡∏á‡∏≤‡∏ô‡πÑ‡∏î‡πâ‡∏´‡∏•‡∏≤‡∏Å‡∏´‡∏•‡∏≤‡∏¢ ‡∏ó‡∏±‡πâ‡∏á‡πÇ‡∏ï‡πä‡∏∞‡∏ó‡∏≥‡∏á‡∏≤‡∏ô ‡πÇ‡∏ï‡πä‡∏∞‡∏Ñ‡∏≠‡∏° ‡πÇ‡∏ï‡πä‡∏∞‡∏≠‡∏≤‡∏´‡∏≤‡∏£ ‡∏´‡∏£‡∏∑‡∏≠‡∏ß‡∏≤‡∏á‡∏Ç‡∏≠‡∏á‡πÄ‡∏≠‡∏ô‡∏Å‡∏õ‡∏£‡∏∞‡∏™‡∏á‡∏Ñ‡πå

‚ú® ‡∏£‡∏≤‡∏¢‡∏•‡∏∞‡πÄ‡∏≠‡∏µ‡∏¢‡∏î ‚ú®
‡∏ô‡πâ‡∏≥‡∏´‡∏ô‡∏±‡∏Å‡πÇ‡∏ï‡πä‡∏∞ 20KG ‡∏Ç‡∏≤‡πÄ‡∏´‡∏•‡πá‡∏Å‡∏û‡πà‡∏ô‡∏™‡∏µ‡∏Å‡∏µ‡∏ô‡∏™‡∏ô‡∏¥‡∏° ‡πÇ‡∏ï‡πä‡∏∞‡∏Ñ‡∏≠‡∏°‡πÑ‡∏°‡πâ ‡∏ä‡∏±‡πâ‡∏ô‡∏ß‡∏≤‡∏á‡∏Ç‡∏≠‡∏á‡πÑ‡∏°‡πâ ‡∏ä‡∏±‡πâ‡∏ô‡∏ß‡∏≤‡∏á‡∏´‡∏ô‡∏±‡∏á‡∏™‡∏∑‡∏≠ ‡πÇ‡∏ï‡πä‡∏∞‡∏ó‡∏≥‡∏á‡∏≤‡∏ô ‡πÇ‡∏ï‡πä‡∏∞‡∏Ñ‡∏≠‡∏° ‡πÇ‡∏ï‡πä‡∏∞‡πÑ‡∏°‡πâ ‡∏ä‡∏±‡πâ‡∏ô‡∏ß‡∏≤‡∏á ‡∏ä‡∏±‡πâ‡∏ô‡∏ß‡∏≤‡∏á‡∏Ç‡∏≠‡∏á Office Computer Table with Shelf

‚õîÔ∏è‡∏Å‡∏£‡∏∏‡∏ì‡∏≤‡∏≠‡πà‡∏≤‡∏ô‡∏£‡∏≤‡∏¢‡∏•‡∏∞‡πÄ‡∏≠‡∏µ‡∏¢‡∏î‡πÉ‡∏´‡πâ‡∏Ñ‡∏£‡∏ö‡∏Å‡πà‡∏≠‡∏ô‡∏™‡∏±‡πà‡∏á‡∏ô‡∏∞‡∏Ñ‡∏∞‚õîÔ∏è
PleaseÔ∏èüìç‡∏Å‡∏£‡∏∏‡∏ì‡∏≤‡∏≠‡πà‡∏≤‡∏ô‡∏Å‡πà‡∏≠‡∏ô‡∏™‡∏±‡πà‡∏á‡∏ã‡∏∑‡πâ‡∏≠Ô∏èüìç
üåà ‡πÄ‡∏£‡∏≤‡∏à‡∏∞‡∏à‡∏±‡∏î‡∏™‡πà‡∏á‡∏™‡∏¥‡∏ô‡∏Ñ‡πâ‡∏≤‡πÇ‡∏î‡∏¢‡πÄ‡∏£‡πá‡∏ß‡∏ó‡∏µ‡πà‡∏™‡∏∏‡∏î ‡∏™‡∏¥‡∏ô‡∏Ñ‡πâ‡∏≤‡∏à‡∏∞‡∏°‡∏≤‡∏ñ‡∏∂‡∏á‡πÉ‡∏ô 2-3 ‡∏ß‡∏±‡∏ô
üö® ‡∏Å‡∏£‡∏∏‡∏ì‡∏≤‡πÄ‡∏ä‡πá‡∏Ñ‡∏ó‡∏µ‡πà‡∏≠‡∏¢‡∏π‡πà‡∏Å‡πà‡∏≠‡∏ô‡∏™‡∏±‡πà‡∏á‡πÄ‡∏ô‡∏∑‡πà‡∏≠‡∏á‡∏à‡∏≤‡∏Å‡∏£‡πâ‡∏≤‡∏ô‡πÄ‡∏Å‡πá‡∏ö‡∏Ç‡πâ‡∏≠‡∏°‡∏π‡∏•‡∏à‡∏±‡∏î‡∏™‡πà‡∏á‡πÉ‡∏ô‡∏£‡∏∞‡∏ö‡∏ö‡∏≠‡∏±‡∏ï‡∏¥‡πÇ‡∏ô‡∏°‡∏±‡∏ï‡∏¥ ‡πÑ‡∏°‡πà‡∏™‡∏≤‡∏°‡∏≤‡∏£‡∏ñ‡πÄ‡∏õ‡∏•‡∏µ‡πà‡∏¢‡∏ô‡πÄ‡∏≠‡∏á‡πÑ‡∏î‡πâ 
üö® ‡∏•‡∏π‡∏Å‡∏Ñ‡πâ‡∏≤‡∏ï‡πâ‡∏≠‡∏á‡∏Å‡∏≤‡∏£‡πÄ‡∏õ‡∏•‡∏µ‡πà‡∏¢‡∏ô‡∏ó‡∏µ‡πà‡∏≠‡∏¢‡∏π‡πà ‡∏£‡∏ö‡∏Å‡∏ß‡∏ô‡∏Å‡∏î‡∏¢‡∏Å‡πÄ‡∏•‡∏¥‡∏Å‡πÅ‡∏•‡πâ‡∏ß‡∏™‡∏±‡πà‡∏á‡∏°‡∏≤‡πÉ‡∏´‡∏°‡πà
üö® ‡∏™‡∏¥‡∏ô‡∏Ñ‡πâ‡∏≤‡∏Ç‡∏≠‡∏á‡∏ó‡∏≤‡∏á‡∏£‡πâ‡∏≤‡∏ô‡πÄ‡∏õ‡πá‡∏ô‡∏Ç‡∏≠‡∏á‡πÅ‡∏ó‡πâ 100%
üö®‡∏´‡∏≤‡∏Å‡∏Ñ‡∏∏‡∏ì‡∏û‡∏≠‡πÉ‡∏à‡∏Å‡∏±‡∏ö‡∏ú‡∏•‡∏¥‡∏ï‡∏†‡∏±‡∏ì‡∏ë‡πå‡πÅ‡∏•‡∏∞‡∏ö‡∏£‡∏¥‡∏Å‡∏≤‡∏£‡∏Ç‡∏≠‡∏á‡πÄ‡∏£‡∏≤‡πÇ‡∏õ‡∏£‡∏î‡∏£‡∏µ‡∏ß‡∏¥‡∏ß‡∏´‡πâ‡∏≤‡∏î‡∏≤‡∏ß‡πÉ‡∏´‡πâ‡∏£‡πâ‡∏≤‡∏ô‡∏Ñ‡πâ‡∏≤‡∏ô‡∏∞‡∏Ñ‡∏∞ ","https://cf.shopee.co.th/file/th-11134207-7rasm-ma3z5tyafbvy28","https://cf.shopee.co.th/file/th-11134207-7ra0i-mbordi9o83tf97","https://cf.shopee.co.th/file/th-11134207-7ra0k-mb9cmw9asqkh60","https://cf.shopee.co.th/file/th-11134207-7rasf-ma3z89c6jom86a","https://cf.shopee.co.th/file/th-11134207-7ra0h-mbdc8csl76up62","https://cf.shopee.co.th/file/th-11134207-7rasm-ma3z8gk5z880bf","https://down-bs-sg.vod.susercontent.com/api/v4/11110105/mms/th-11110105-6kgcg-ma3z85vbmewe4e.16000081747991521.mp4","‡πÄ‡∏Ñ‡∏£‡∏∑‡πà‡∏≠‡∏á‡πÉ‡∏ä‡πâ‡πÉ‡∏ô‡∏ö‡πâ‡∏≤‡∏ô > ‡πÄ‡∏ü‡∏≠‡∏£‡πå‡∏ô‡∏¥‡πÄ‡∏à‡∏≠‡∏£‡πå > ‡πÇ‡∏ï‡πä‡∏∞","‡∏õ‡∏£‡∏∞‡πÄ‡∏†‡∏ó‡∏Å‡∏≤‡∏£‡∏õ‡∏£‡∏∞‡∏Å‡∏±‡∏ô: ‡∏õ‡∏£‡∏∞‡∏Å‡∏±‡∏ô‡∏à‡∏≤‡∏Å‡∏ú‡∏π‡πâ‡∏ú‡∏•‡∏¥‡∏ï; ‡∏Å‡∏≤‡∏£‡∏ï‡∏¥‡∏î‡∏ï‡∏±‡πâ‡∏á: ‡πÅ‡∏ö‡∏ö‡∏ï‡πâ‡∏≠‡∏á‡∏õ‡∏£‡∏∞‡∏Å‡∏≠‡∏ö‡πÄ‡∏≠‡∏á; ‡∏ß‡∏±‡∏™‡∏î‡∏∏: ‡πÇ‡∏•‡∏´‡∏∞, ‡πÑ‡∏°‡πâ; ‡∏õ‡∏£‡∏∞‡πÄ‡∏ó‡∏®‡∏ï‡πâ‡∏ô‡∏Å‡∏≥‡πÄ‡∏ô‡∏¥‡∏î‡∏™‡∏¥‡∏ô‡∏Ñ‡πâ‡∏≤: ‡∏à‡∏µ‡∏ô; ‡∏õ‡∏£‡∏∞‡πÄ‡∏†‡∏ó‡πÇ‡∏ï‡πä‡∏∞: ‡πÇ‡∏ï‡πä‡∏∞‡∏™‡∏≥‡∏ô‡∏±‡∏Å‡∏á‡∏≤‡∏ô; ‡∏£‡∏∞‡∏¢‡∏∞‡πÄ‡∏ß‡∏•‡∏≤‡∏Å‡∏≤‡∏£‡∏£‡∏±‡∏ö‡∏õ‡∏£‡∏∞‡∏Å‡∏±‡∏ô: ‡∏Å‡∏≤‡∏£‡∏£‡∏±‡∏ö‡∏õ‡∏£‡∏∞‡∏Å‡∏±‡∏ô‡∏ñ‡∏≤‡∏ß‡∏£; ‡∏Ç‡∏ô‡∏≤‡∏î (‡∏¢‡∏≤‡∏ß x ‡∏Å‡∏ß‡πâ‡∏≤‡∏á x ‡∏™‡∏π‡∏á): 120*48*73","‡∏Ç‡∏ô‡∏≤‡∏î: ‚ö´‡∏Ç‡∏ß‡∏≤ 120, üü§‡∏Ç‡∏ß‡∏≤ 120üî•, ‚ö´‡∏Ç‡∏ß‡∏≤ 140, üü§‡∏Ç‡∏ß‡∏≤ 140, ‚ö´‡∏ã‡πâ‡∏≤‡∏¢ 120, üü§‡∏ã‡πâ‡∏≤‡∏¢ 120, ‚ö´‡∏ã‡πâ‡∏≤‡∏¢ 140, üü§‡∏ã‡πâ‡∏≤‡∏¢ 140, ‡∏ö‡∏£‡∏¥‡∏Å‡∏≤‡∏£‡∏´‡∏•‡∏±‡∏á‡∏Å‡∏≤‡∏£‡∏Ç‡∏≤‡∏¢","No","No","Yes","No","Not Available","2","normal","1","4.637058","99","2969","https://shopee.co.th/product/916462156/40001977474","https://shopee.co.th/shop/916462156"
1867293694,"121205602","‡πÄ‡∏ã‡∏£‡∏≤‡∏ß‡∏µ CERAVE Moisturising Lotion ‡∏°‡∏≠‡∏¢‡πÄ‡∏à‡∏≠‡∏£‡πå‡πÑ‡∏£‡∏ã‡∏¥‡πà‡∏á ‡πÇ‡∏•‡∏ä‡∏±‡πà‡∏ô‡∏ö‡∏≥‡∏£‡∏∏‡∏á‡∏ú‡∏¥‡∏ß‡πÉ‡∏´‡πâ‡∏Ñ‡∏ß‡∏≤‡∏°‡∏ä‡∏∏‡πà‡∏°‡∏ä‡∏∑‡πâ‡∏ô‡∏ï‡∏•‡∏≠‡∏î‡∏ß‡∏±‡∏ô ‡πÄ‡∏ô‡∏∑‡πâ‡∏≠‡∏™‡∏±‡∏°‡∏ú‡∏±‡∏™‡∏ö‡∏≤‡∏á‡πÄ‡∏ö‡∏≤ 473ml","Cerave(‡πÄ‡∏ã‡∏£‡∏≤‡∏ß‡∏µ)","580.00","730.00","THB","21","3702","3702","3702","246616","246616","53104","70478","4.927752788647663","71882","cerave official shop","Not Available","‚Ä¢ ‡∏£‡∏≤‡∏¢‡∏•‡∏∞‡πÄ‡∏≠‡∏µ‡∏¢‡∏î‡∏ú‡∏•‡∏¥‡∏ï‡∏†‡∏±‡∏ì‡∏ë‡πå / PRODUCT DESCRIPTION‡πÄ‡∏ã‡∏£‡∏≤‡∏ß‡∏µ ‡∏°‡∏≠‡∏¢‡πÄ‡∏à‡∏≠‡∏£‡πå‡πÑ‡∏£‡∏ã‡∏¥‡πà‡∏á ‡πÇ‡∏•‡∏ä‡∏±‡πà‡∏ô ‡πÇ‡∏•‡∏ä‡∏±‡πà‡∏ô‡∏ö‡∏≥‡∏£‡∏∏‡∏á‡∏ú‡∏¥‡∏ß‡πÉ‡∏´‡πâ‡∏Ñ‡∏ß‡∏≤‡∏°‡∏ä‡∏∏‡πà‡∏°‡∏ä‡∏∑‡πâ‡∏ô‡∏ï‡∏•‡∏≠‡∏î‡∏ß‡∏±‡∏ô‡πÅ‡∏•‡∏∞‡∏ä‡πà‡∏ß‡∏¢‡πÄ‡∏™‡∏£‡∏¥‡∏°‡∏õ‡∏£‡∏≤‡∏Å‡∏≤‡∏£‡∏õ‡∏Å‡∏õ‡πâ‡∏≠‡∏á‡∏ú‡∏¥‡∏ß‡∏´‡∏ô‡πâ‡∏≤‡πÅ‡∏•‡∏∞‡∏Å‡∏≤‡∏¢ ‡∏™‡∏≥‡∏´‡∏£‡∏±‡∏ö‡∏ú‡∏¥‡∏ß‡∏ò‡∏£‡∏£‡∏°‡∏î‡∏≤-‡∏ú‡∏¥‡∏ß‡πÅ‡∏´‡πâ‡∏á ‡∏ú‡∏™‡∏≤‡∏ô‡πÄ‡∏ã‡∏£‡∏≤‡πÑ‡∏°‡∏î‡πå‡∏ó‡∏µ‡πà‡∏à‡∏≥‡πÄ‡∏õ‡πá‡∏ô‡∏ï‡πà‡∏≠‡∏ú‡∏¥‡∏ß 3 ‡∏ä‡∏ô‡∏¥‡∏î ‡πÅ‡∏•‡∏∞ MVE Technology ‡∏•‡∏¥‡∏Ç‡∏™‡∏¥‡∏ó‡∏ò‡∏¥‡πå‡πÄ‡∏â‡∏û‡∏≤‡∏∞‡∏Ç‡∏≠‡∏á‡πÄ‡∏ã‡∏£‡∏≤‡∏ß‡∏µ ‡∏ô‡∏ß‡∏±‡∏ï‡∏Å‡∏£‡∏£‡∏°‡∏Å‡∏±‡∏Å‡πÄ‡∏Å‡πá‡∏ö‡∏Ñ‡∏ß‡∏≤‡∏°‡∏ä‡∏∏‡πà‡∏°‡∏ä‡∏∑‡πâ‡∏ô‡πÉ‡∏´‡πâ‡∏ú‡∏¥‡∏ß‡πÑ‡∏î‡πâ‡∏≠‡∏¢‡πà‡∏≤‡∏á‡∏¢‡∏≤‡∏ß‡∏ô‡∏≤‡∏ô ‡πÄ‡∏ô‡∏∑‡πâ‡∏≠‡∏™‡∏±‡∏°‡∏ú‡∏±‡∏™‡∏ö‡∏≤‡∏á‡πÄ‡∏ö‡∏≤‡∏ã‡∏∂‡∏°‡πÄ‡∏£‡πá‡∏ß ‡πÑ‡∏°‡πà‡∏ó‡∏≥‡πÉ‡∏´‡πâ‡πÄ‡∏´‡∏ô‡∏µ‡∏¢‡∏ß‡πÄ‡∏´‡∏ô‡∏≠‡∏∞‡∏´‡∏ô‡∏∞ ‡∏î‡πâ‡∏ß‡∏¢‡∏™‡∏π‡∏ï‡∏£‡πÑ‡∏°‡πà‡∏Å‡πà‡∏≠‡πÉ‡∏´‡πâ‡πÄ‡∏Å‡∏¥‡∏î‡∏Å‡∏≤‡∏£‡∏≠‡∏∏‡∏î‡∏ï‡∏±‡∏ô (non-comedogenic) ‡∏õ‡∏£‡∏≤‡∏®‡∏à‡∏≤‡∏Å‡∏ô‡πâ‡∏≥‡∏´‡∏≠‡∏° 
‡πÄ‡∏ã‡∏£‡∏≤‡∏ß‡∏µ‡∏û‡∏±‡∏í‡∏ô‡∏≤‡∏ú‡∏•‡∏¥‡∏ï‡∏†‡∏±‡∏ì‡∏ë‡πå‡∏£‡πà‡∏ß‡∏°‡∏Å‡∏±‡∏ö‡πÅ‡∏û‡∏ó‡∏¢‡πå‡∏ú‡∏π‡πâ‡πÄ‡∏ä‡∏µ‡πà‡∏¢‡∏ß‡∏ä‡∏≤‡∏ç‡∏î‡πâ‡∏≤‡∏ô‡∏ú‡∏¥‡∏ß‡∏´‡∏ô‡∏±‡∏á ‡∏ú‡πà‡∏≤‡∏ô‡∏Å‡∏≤‡∏£‡∏£‡∏±‡∏ö‡∏£‡∏≠‡∏á‡πÇ‡∏î‡∏¢ National Eczema Association


‚Ä¢ ‡πÄ‡∏´‡∏ï‡∏∏‡∏ú‡∏•‡∏ó‡∏µ‡πà‡∏Ñ‡∏∏‡∏ì‡∏à‡∏∞‡∏´‡∏•‡∏á‡∏£‡∏±‡∏Å / WHY YOU WILL LOVE IT‡πÇ‡∏•‡∏ä‡∏±‡πà‡∏ô‡∏ö‡∏≥‡∏£‡∏∏‡∏á‡∏ú‡∏¥‡∏ß‡πÄ‡∏ô‡∏∑‡πâ‡∏≠‡∏ö‡∏≤‡∏á‡πÄ‡∏ö‡∏≤‡πÄ‡∏û‡∏∑‡πà‡∏≠‡∏ú‡∏¥‡∏ß‡πÅ‡∏Ç‡πá‡∏á‡πÅ‡∏£‡∏á‡∏™‡∏∏‡∏Ç‡∏†‡∏≤‡∏û‡∏î‡∏µ‡∏ä‡∏∏‡πà‡∏°‡∏ä‡∏∑‡πâ‡∏ô‡∏¢‡∏≤‡∏ß‡∏ô‡∏≤‡∏ô 24‡∏ä‡∏°.*

*‡∏à‡∏≤‡∏Å‡∏ú‡∏•‡∏ó‡∏î‡∏™‡∏≠‡∏ö‡πÉ‡∏ô‡∏Å‡∏•‡∏∏‡πà‡∏°‡∏ï‡∏±‡∏ß‡∏≠‡∏¢‡πà‡∏≤‡∏á‡∏ú‡∏π‡πâ‡∏´‡∏ç‡∏¥‡∏á 10 ‡∏Ñ‡∏ô ‡∏≠‡∏≤‡∏¢‡∏∏ 36-56 ‡∏õ‡∏µ ‡πÇ‡∏î‡∏¢ PRACS Dermatology, California ‡∏õ‡∏£‡∏∞‡πÄ‡∏ó‡∏®‡∏™‡∏´‡∏£‡∏±‡∏ê‡∏≠‡πÄ‡∏°‡∏£‡∏¥‡∏Å‡∏≤ ‡∏õ‡∏µ 2548 (‡πÄ‡∏ó‡∏Ñ‡πÇ‡∏ô‡πÇ‡∏•‡∏¢‡∏µ MVE)


‚Ä¢ ‡∏ú‡∏•‡∏•‡∏±‡∏û‡∏ò‡πå‡∏ó‡∏µ‡πà‡∏£‡∏π‡πâ‡∏™‡∏∂‡∏Å‡πÑ‡∏î‡πâ / RESULTS‡∏ú‡∏¥‡∏ß‡πÅ‡∏Ç‡πá‡∏á‡πÅ‡∏£‡∏á ‡∏ä‡∏∏‡πà‡∏°‡∏ä‡∏∑‡πâ‡∏ô‡∏¢‡∏≤‡∏ß‡∏ô‡∏≤‡∏ô 24‡∏ä‡∏°.*
*‡∏à‡∏≤‡∏Å‡∏ú‡∏•‡∏ó‡∏î‡∏™‡∏≠‡∏ö‡πÉ‡∏ô‡∏Å‡∏•‡∏∏‡πà‡∏°‡∏ï‡∏±‡∏ß‡∏≠‡∏¢‡πà‡∏≤‡∏á‡∏ú‡∏π‡πâ‡∏´‡∏ç‡∏¥‡∏á 10 ‡∏Ñ‡∏ô ‡∏≠‡∏≤‡∏¢‡∏∏ 36-56 ‡∏õ‡∏µ ‡πÇ‡∏î‡∏¢ PRACS Dermatology, California ‡∏õ‡∏£‡∏∞‡πÄ‡∏ó‡∏®‡∏™‡∏´‡∏£‡∏±‡∏ê‡∏≠‡πÄ‡∏°‡∏£‡∏¥‡∏Å‡∏≤ ‡∏õ‡∏µ 2548 (‡πÄ‡∏ó‡∏Ñ‡πÇ‡∏ô‡πÇ‡∏•‡∏¢‡∏µ MVE)

 ‚Ä¢‡∏ß‡∏¥‡∏ò‡∏µ‡πÉ‡∏ä‡πâ / HOW TO‡πÉ‡∏ä‡πâ‡∏ö‡∏≥‡∏£‡∏∏‡∏á‡∏ú‡∏¥‡∏ß‡∏´‡∏ô‡πâ‡∏≤‡πÅ‡∏•‡∏∞‡∏ú‡∏¥‡∏ß‡∏Å‡∏≤‡∏¢ ‡πÇ‡∏î‡∏¢‡∏ó‡∏≤‡∏ú‡∏•‡∏¥‡∏ï‡∏†‡∏±‡∏ì‡∏ë‡πå‡πÉ‡∏´‡πâ‡∏ó‡∏±‡πà‡∏ß‡∏ö‡∏£‡∏¥‡πÄ‡∏ß‡∏ì‡∏ó‡∏µ‡πà‡∏ï‡πâ‡∏≠‡∏á‡∏Å‡∏≤‡∏£‡πÄ‡∏õ‡πá‡∏ô‡∏õ‡∏£‡∏∞‡∏à‡∏≥‡∏ó‡∏∏‡∏Å‡∏ß‡∏±‡∏ô ‡∏ö‡πà‡∏≠‡∏¢‡∏Ñ‡∏£‡∏±‡πâ‡∏á‡∏ï‡∏≤‡∏°‡∏ï‡πâ‡∏≠‡∏á‡∏Å‡∏≤‡∏£ ‡∏´‡∏£‡∏∑‡∏≠‡∏ï‡∏≤‡∏°‡∏Ñ‡∏≥‡πÅ‡∏ô‡∏∞‡∏ô‡∏≥‡∏Ç‡∏≠‡∏á‡∏ú‡∏π‡πâ‡πÄ‡∏ä‡∏µ‡πà‡∏¢‡∏ß‡∏ä‡∏≤‡∏ç ‡πÇ‡∏î‡∏¢‡∏™‡∏≤‡∏°‡∏≤‡∏£‡∏ñ‡πÉ‡∏ä‡πâ‡πÑ‡∏î‡πâ‡∏ú‡∏π‡πà‡πÉ‡∏´‡∏ç‡πà‡πÅ‡∏•‡∏∞‡πÄ‡∏î‡πá‡∏Å‡πÄ‡∏•‡πá‡∏Å‡∏ï‡∏±‡πâ‡∏á‡πÅ‡∏ï‡πà 2 ‡πÄ‡∏î‡∏∑‡∏≠‡∏ô‡∏Ç‡∏∂‡πâ‡∏ô‡πÑ‡∏õ

‚Ä¢ ‡πÅ‡∏ö‡∏£‡∏ô‡∏î‡πå‡∏Ç‡∏≠‡∏á‡πÄ‡∏£‡∏≤ / ABOUT OUR BRAND‡πÄ‡∏£‡∏∑‡πà‡∏≠‡∏á‡∏£‡∏≤‡∏ß‡∏Ç‡∏≠‡∏á CeraVe ‡πÄ‡∏£‡∏¥‡πà‡∏°‡∏ï‡πâ‡∏ô‡∏Ç‡∏∂‡πâ‡∏ô‡πÉ‡∏ô‡∏õ‡∏µ 2548 ‡∏´‡∏•‡∏±‡∏á‡∏à‡∏≤‡∏Å‡∏ú‡∏π‡πâ‡πÄ‡∏ä‡∏µ‡πà‡∏¢‡∏ß‡∏ä‡∏≤‡∏ç‡∏™‡∏±‡∏á‡πÄ‡∏Å‡∏ï‡∏ß‡πà‡∏≤‡∏™‡∏†‡∏≤‡∏û‡∏ú‡∏¥‡∏ß‡∏´‡∏•‡∏≤‡∏¢‡∏≠‡∏¢‡πà‡∏≤‡∏á‡πÄ‡∏ä‡πà‡∏ô ‡∏™‡∏¥‡∏ß ‡∏Å‡∏•‡∏≤‡∏Å ‡πÇ‡∏£‡∏Ñ‡∏™‡∏∞‡πÄ‡∏Å‡∏¥‡∏î‡πÄ‡∏á‡∏¥‡∏ô‡πÅ‡∏•‡∏∞‡∏´‡∏¥‡∏ß‡πÅ‡∏´‡πâ‡∏á ‡∏•‡πâ‡∏ß‡∏ô‡∏°‡∏µ‡∏™‡∏¥‡πà‡∏á‡∏´‡∏ô‡∏∂‡πà‡∏á‡∏ó‡∏µ‡πà‡πÄ‡∏´‡∏°‡∏∑‡∏≠‡∏ô‡∏Å‡∏±‡∏ô ‡∏ô‡∏±‡πà‡∏ô‡∏Ñ‡∏∑‡∏≠‡πÄ‡∏Å‡∏£‡∏≤‡∏∞‡∏õ‡∏Å‡∏õ‡πâ‡∏≠‡∏á‡∏ú‡∏¥‡∏ß‡∏´‡∏ô‡∏±‡∏á‡∏ñ‡∏π‡∏Å‡∏ó‡∏≥‡∏•‡∏≤‡∏¢ CeraVe ‡∏à‡∏∂‡∏á‡πÑ‡∏î‡πâ‡∏£‡∏±‡∏ö‡∏Å‡∏≤‡∏£‡∏û‡∏±‡∏í‡∏ô‡∏≤‡∏£‡πà‡∏ß‡∏°‡∏Å‡∏±‡∏ö‡πÅ‡∏û‡∏ó‡∏¢‡πå‡∏ú‡∏¥‡∏ß‡∏´‡∏ô‡∏±‡∏á‡∏ú‡∏π‡πâ‡πÄ‡∏ä‡∏µ‡πà‡∏¢‡∏ß‡∏ä‡∏≤‡∏ç‡πÅ‡∏•‡∏∞‡∏≠‡∏≠‡∏Å‡∏ú‡∏•‡∏¥‡∏ï‡∏†‡∏±‡∏ì‡∏ë‡πå‡∏î‡∏π‡πÅ‡∏•‡∏ú‡∏¥‡∏ß‡∏ó‡∏µ‡πà‡∏°‡∏µ‡πÄ‡∏ã‡∏£‡∏≤‡πÑ‡∏°‡∏î‡πå‡∏ó‡∏µ‡πà‡∏à‡∏≥‡πÄ‡∏õ‡πá‡∏ô‡∏ï‡πà‡∏≠‡∏ú‡∏¥‡∏ß 3 ‡∏ä‡∏ô‡∏¥‡∏î ‡πÄ‡∏û‡∏∑‡πà‡∏≠‡∏ä‡πà‡∏ß‡∏¢‡∏ü‡∏∑‡πâ‡∏ô‡∏ü‡∏π ‡πÅ‡∏•‡∏∞‡∏ä‡πà‡∏ß‡∏¢‡πÄ‡∏™‡∏£‡∏¥‡∏°‡πÄ‡∏Å‡∏£‡∏≤‡∏∞‡∏õ‡∏Å‡∏õ‡πâ‡∏≠‡∏á‡∏ú‡∏¥‡∏ß‡πÉ‡∏´‡πâ‡∏Å‡∏•‡∏±‡∏ö‡∏°‡∏≤‡πÅ‡∏Ç‡πá‡∏á‡πÅ‡∏£‡∏á ‡∏™‡∏∏‡∏Ç‡∏†‡∏≤‡∏û‡∏î‡∏µThe CeraVe story began in 2005 After experts noticed that many skin conditions such as acne, eczema, psoriasis and dry skin all had one thing in common: a compromised skin barrier. Developed with dermatologists, CeraVe offers a complete line of skincare products that contain three essential ceramides enhanced with a revolutionary delivery system to help restore the skin‚Äôs natural protective barrier.
","https://cf.shopee.co.th/file/th-11134201-7ra0j-mdjq3tswhe9qe6","https://cf.shopee.co.th/file/th-11134201-7rasg-m8kmovb9veq71f","https://cf.shopee.co.th/file/th-11134201-7ras9-m8kmokvb48oe50","https://cf.shopee.co.th/file/th-11134201-7rasg-m8kmoswpcqum92","https://cf.shopee.co.th/file/th-11134201-7rasc-m8kmosxtb2a71f","https://cf.shopee.co.th/file/th-11134201-7rask-m8kmosx9bvin7e","Not Available","‡∏ú‡∏•‡∏¥‡∏ï‡∏†‡∏±‡∏ì‡∏ë‡πå‡∏ö‡∏≥‡∏£‡∏∏‡∏á‡πÅ‡∏•‡∏∞‡πÄ‡∏™‡∏£‡∏¥‡∏°‡∏Ñ‡∏ß‡∏≤‡∏°‡∏á‡∏≤‡∏° > ‡∏™‡∏ö‡∏π‡πà‡∏≠‡∏≤‡∏ö‡∏ô‡πâ‡∏≥‡πÅ‡∏•‡∏∞‡∏ú‡∏•‡∏¥‡∏ï‡∏†‡∏±‡∏ì‡∏ë‡πå‡∏î‡∏π‡πÅ‡∏•‡∏ú‡∏¥‡∏ß‡∏Å‡∏≤‡∏¢ > ‡∏ú‡∏•‡∏¥‡∏ï‡∏†‡∏±‡∏ì‡∏ë‡πå‡∏ö‡∏≥‡∏£‡∏∏‡∏á‡∏ú‡∏¥‡∏ß‡∏Å‡∏≤‡∏¢ ‡πÄ‡∏ô‡∏∑‡πâ‡∏≠‡∏Ñ‡∏£‡∏µ‡∏°, ‡πÇ‡∏•‡∏ä‡∏±‡πà‡∏ô, ‡∏ö‡∏±‡∏ï‡πÄ‡∏ï‡∏≠‡∏£‡πå","‡∏£‡∏π‡∏õ‡πÅ‡∏ö‡∏ö‡∏ú‡∏•‡∏¥‡∏ï‡∏†‡∏±‡∏ì‡∏ë‡πå‡∏Ñ‡∏ß‡∏≤‡∏°‡∏á‡∏≤‡∏°: ‡πÄ‡∏à‡∏•; ‡∏ä‡∏ô‡∏¥‡∏î‡∏Ç‡∏≠‡∏á‡∏ú‡∏¥‡∏ß: ‡∏ú‡∏™‡∏°; ‡∏ô‡πâ‡∏≥‡∏´‡∏ô‡∏±‡∏Å‡∏Ç‡∏≠‡∏á‡∏™‡∏¥‡∏ô‡∏Ñ‡πâ‡∏≤: 0.538g; ‡∏õ‡∏£‡∏¥‡∏°‡∏≤‡∏ì: 473.0ml; ‡∏´‡∏°‡∏≤‡∏¢‡πÄ‡∏•‡∏Ç‡πÉ‡∏ö‡∏≠‡∏ô‡∏∏‡∏ç‡∏≤‡∏ï/‡∏≠‡∏¢.: 10-2-6500020681; ‡∏™‡πà‡∏ß‡∏ô‡∏õ‡∏£‡∏∞‡∏Å‡∏≠‡∏ö: Ceramide, Hyaluronic Acid",": ","Yes","Yes","No","No","Not Available","2","normal","1","4.920908","100","1771363","https://shopee.co.th/product/121205602/1867293694","https://shopee.co.th/shop/121205602"
25059118436,"1053353121","(‡πÅ‡∏à‡∏Å‡πÇ‡∏Ñ‡πâ‡∏î20%‡∏Å‡∏£‡∏≠‡∏Å INC372TP‡∏ä‡πà‡∏≠‡∏á‡πÇ‡∏Ñ‡πâ‡∏î‡∏ä‡πâ‡∏≠‡∏õ‡∏õ‡∏µ‡πâ)‡∏ó‡∏¥‡∏ä‡∏ä‡∏π‡πà Kuma ‡∏Ñ‡∏∏‡∏°‡∏∞ 2 ‡πÅ‡∏û‡πá‡∏Ñ 10‡∏´‡πà‡∏≠ ‡∏£‡∏∏‡πà‡∏ô 168 ‡πÅ‡∏ú‡πà‡∏ô‡∏Å‡∏£‡∏∞‡∏î‡∏≤‡∏©‡∏ó‡∏¥‡∏ä‡∏ä‡∏π‡πà‡πÄ‡∏ä‡πá‡∏î‡∏´‡∏ô‡πâ‡∏≤ ‡∏Ñ‡∏∏‡∏°‡∏∞ KUMA Facial","Not Available","179.00","Not Available","THB","Not Available","859","859","0","36943","36943","3924","12204","4.9234939759036145","13300","OSHI¬†INTER¬†SHOP","‡∏à‡∏±‡∏á‡∏´‡∏ß‡∏±‡∏î‡∏Å‡∏£‡∏∏‡∏á‡πÄ‡∏ó‡∏û‡∏°‡∏´‡∏≤‡∏ô‡∏Ñ‡∏£","‡∏ó‡∏¥‡∏ä‡∏ä‡∏π‡πà Kuma ‡∏Ñ‡∏∏‡∏°‡∏∞ 2 ‡πÅ‡∏û‡πá‡∏Ñ 10‡∏´‡πà‡∏≠ ‡∏£‡∏∏‡πà‡∏ô 168 ‡πÅ‡∏ú‡πà‡∏ô‡∏Å‡∏£‡∏∞‡∏î‡∏≤‡∏©‡∏ó‡∏¥‡∏ä‡∏ä‡∏π‡πà‡πÄ‡∏ä‡πá‡∏î‡∏´‡∏ô‡πâ‡∏≤ ‡∏Ñ‡∏∏‡∏°‡∏∞ KUMA Facial Tissue
","https://cf.shopee.co.th/file/th-11134207-7r98p-lqmwoneyh5us99","Not Available","Not Available","Not Available","Not Available","Not Available","Not Available","‡πÄ‡∏Ñ‡∏£‡∏∑‡πà‡∏≠‡∏á‡πÉ‡∏ä‡πâ‡πÉ‡∏ô‡∏ö‡πâ‡∏≤‡∏ô > ‡∏≠‡∏∏‡∏õ‡∏Å‡∏£‡∏ì‡πå‡∏ã‡∏±‡∏Å‡∏£‡∏µ‡∏î‡πÅ‡∏•‡∏∞‡∏ú‡∏•‡∏¥‡∏ï‡∏†‡∏±‡∏ì‡∏ë‡πå‡∏î‡∏π‡πÅ‡∏•‡∏ö‡πâ‡∏≤‡∏ô > ‡∏Å‡∏£‡∏∞‡∏î‡∏≤‡∏©‡πÄ‡∏ä‡πá‡∏î‡∏´‡∏ô‡πâ‡∏≤","‡∏ä‡∏ô‡∏¥‡∏î‡πÄ‡∏ô‡∏∑‡πâ‡∏≠‡πÄ‡∏¢‡∏∑‡πà‡∏≠‡∏Å‡∏£‡∏∞‡∏î‡∏≤‡∏©: ‡∏ó‡∏¥‡∏ä‡∏ä‡∏π‡πà",": ","No","No","Yes","No","42.00","2","normal","1","4.858445","95","8092","https://shopee.co.th/product/1053353121/25059118436","https://shopee.co.th/shop/1053353121"
7659557564,"43431223","[‡∏°‡∏µ 3 ‡πÅ‡∏û‡πá‡∏Ñ‡πÉ‡∏´‡πâ‡πÄ‡∏•‡∏∑‡∏≠‡∏Å] ‡∏Ñ‡∏≠‡∏•‡πÄ‡∏Å‡∏ï ‡πÄ‡∏ã‡∏ô‡∏ã‡∏¥‡∏ó‡∏µ‡∏ü‡πÇ‡∏õ‡∏£‡∏£‡∏µ‡∏•‡∏µ‡∏ü ‡∏Ñ‡∏≠‡∏°‡∏û‡∏•‡∏µ‡∏ó‡πÇ‡∏õ‡∏£‡πÄ‡∏ó‡∏Ñ‡∏ä‡∏±‡πà‡∏ô 110 ‡∏Å‡∏£‡∏±‡∏° Colgate Sensitive Pro Relief Toothpaste 110g","Colgate","Not Available","Not Available","THB","62","33803","33803","33803","48915","48915","3573","17489","4.927335833846499","17872","Colgate Official Shop","‡∏à‡∏±‡∏á‡∏´‡∏ß‡∏±‡∏î‡∏õ‡∏ó‡∏∏‡∏°‡∏ò‡∏≤‡∏ô‡∏µ","‡∏¢‡∏≤‡∏™‡∏µ‡∏ü‡∏±‡∏ô ‡∏Ñ‡∏≠‡∏•‡πÄ‡∏Å‡∏ï ‡πÄ‡∏ã‡∏ô‡∏ã‡∏¥‡∏ó‡∏µ‡∏ü ‡πÇ‡∏õ‡∏£‡∏£‡∏µ‡∏•‡∏µ‡∏ü ‡∏Ñ‡∏≠‡∏°‡∏û‡∏•‡∏µ‡∏ó ‡πÇ‡∏õ‡∏£‡πÄ‡∏ó‡∏Ñ‡∏ä‡∏±‡πà‡∏ô ‡∏û‡∏£‡πâ‡∏≠‡∏°‡∏õ‡∏Å‡∏õ‡πâ‡∏≠‡∏á‡∏Ñ‡∏£‡∏ö‡∏™‡∏π‡∏ï‡∏£ 

- ‡∏ä‡πà‡∏ß‡∏¢‡∏•‡∏î‡∏Å‡∏≤‡∏£‡πÄ‡∏™‡∏µ‡∏¢‡∏ß‡∏ü‡∏±‡∏ô‡πÑ‡∏î‡πâ‡∏£‡∏ß‡∏î‡πÄ‡∏£‡πá‡∏ß‡πÅ‡∏•‡∏∞‡∏¢‡∏≤‡∏ß‡∏ô‡∏≤‡∏ô* 
- ‡∏¢‡∏±‡∏á‡∏ä‡πà‡∏ß‡∏¢‡∏õ‡πâ‡∏≠‡∏á‡∏Å‡∏±‡∏ô‡∏ü‡∏±‡∏ô‡∏ú‡∏∏ ‡∏î‡∏π‡πÅ‡∏•‡∏™‡∏∏‡∏Ç‡∏†‡∏≤‡∏û‡πÄ‡∏´‡∏á‡∏∑‡∏≠‡∏Å** 
- ‡πÉ‡∏´‡πâ‡∏ü‡∏±‡∏ô‡∏Ç‡∏≤‡∏ß‡∏≠‡∏¢‡πà‡∏≤‡∏á‡πÄ‡∏õ‡πá‡∏ô‡∏ò‡∏£‡∏£‡∏°‡∏ä‡∏≤‡∏ï‡∏¥*** 
- ‡∏ä‡πà‡∏ß‡∏¢‡∏•‡∏î‡∏Ñ‡∏£‡∏≤‡∏ö‡∏û‡∏•‡∏±‡∏Ñ 
- ‡∏ä‡πà‡∏ß‡∏¢‡πÄ‡∏™‡∏£‡∏¥‡∏°‡πÄ‡∏Ñ‡∏•‡∏∑‡∏≠‡∏ö‡∏ü‡∏±‡∏ô
- ‡∏•‡∏°‡∏´‡∏≤‡∏¢‡πÉ‡∏à‡∏™‡∏î‡∏ä‡∏∑‡πà‡∏ô
- (‡∏¢‡∏≤‡∏™‡∏µ‡∏ü‡∏±‡∏ô , ‡∏¢‡∏≤‡∏™‡∏µ‡∏ü‡∏±‡∏ô‡∏•‡∏î‡πÄ‡∏™‡∏µ‡∏¢‡∏ß‡∏ü‡∏±‡∏ô , ‡∏Ñ‡∏≠‡∏•‡πÄ‡∏Å‡∏ï , Colgate, Oral care)

‡∏Ñ‡∏≠‡∏•‡πÄ‡∏Å‡∏ï ‡πÄ‡∏ã‡∏ô‡∏ã‡∏¥‡∏ó‡∏µ‡∏ü ‡πÇ‡∏õ‡∏£‡∏£‡∏µ‡∏•‡∏µ‡∏ü ‡∏™‡∏π‡∏ï‡∏£‡πÇ‡∏õ‡∏£-‡∏≠‡∏≤‡∏£‡πå‡∏à‡∏¥‡∏ô‚Ñ¢ ‡∏ô‡∏ß‡∏±‡∏ï‡∏Å‡∏£‡∏£‡∏°‡πÄ‡∏û‡∏∑‡πà‡∏≠‡∏ä‡πà‡∏≠‡∏á‡∏õ‡∏≤‡∏Å‡∏à‡∏≤‡∏Å‡∏Ñ‡∏≠‡∏•‡πÄ‡∏Å‡∏ï ‡∏•‡∏î‡∏Å‡∏≤‡∏£‡πÄ‡∏™‡∏µ‡∏¢‡∏ß‡∏ü‡∏±‡∏ô‡πÑ‡∏î‡πâ‡∏≠‡∏¢‡πà‡∏≤‡∏á ‡∏£‡∏ß‡∏î‡πÄ‡∏£‡πá‡∏ß* (‡πÄ‡∏°‡∏∑‡πà‡∏≠‡∏ó‡∏≤‡∏¢‡∏≤‡∏™‡∏µ‡∏ü‡∏±‡∏ô‡πÇ‡∏î‡∏¢‡∏ï‡∏£‡∏á‡∏ó‡∏µ‡πà‡∏ö‡∏£‡∏¥‡πÄ‡∏ß‡∏ì‡πÄ‡∏™‡∏µ‡∏¢‡∏ß‡∏ü‡∏±‡∏ô) ‡πÉ‡∏´‡πâ‡∏Å‡∏≤‡∏£‡∏õ‡∏Å‡∏õ‡πâ‡∏≠‡∏á‡∏¢‡∏≤‡∏ß‡∏ô‡∏≤‡∏ô*
*‡∏à‡∏≤‡∏Å‡∏Å‡∏≤‡∏£‡∏®‡∏∂‡∏Å‡∏©‡∏≤‡∏ó‡∏≤‡∏á‡∏Ñ‡∏•‡∏¥‡∏ô‡∏¥‡∏Å‡πÄ‡∏£‡∏∑‡πà‡∏≠‡∏á‡∏Å‡∏≤‡∏£‡∏•‡∏î‡∏Å‡∏≤‡∏£‡πÄ‡∏™‡∏µ‡∏¢‡∏ß‡∏ü‡∏±‡∏ô‡πÉ‡∏ô‡∏Å‡∏•‡∏∏‡πà‡∏°‡∏≠‡∏≤‡∏™‡∏≤‡∏™‡∏°‡∏±‡∏Ñ‡∏£ ‡∏à‡∏≥‡∏ô‡∏ß‡∏ô75‡∏Ñ‡∏ô ‡∏≠‡∏≤‡∏¢‡∏∏‡∏£‡∏∞‡∏´‡∏ß‡πà‡∏≤‡∏á 25-56‡∏õ‡∏µ ‡∏õ‡∏£‡∏∞‡πÄ‡∏ó‡∏®‡∏≠‡∏¥‡∏ô‡πÄ‡∏î‡∏µ‡∏¢ ‡∏°‡∏¥.‡∏¢.-‡∏Å.‡∏Ñ.2552 ‡πÇ‡∏î‡∏¢‡∏ö‡∏£‡∏¥‡∏©‡∏±‡∏ó‡∏Ñ‡∏≠‡∏•‡πÄ‡∏Å‡∏ï-‡∏õ‡∏≤‡∏•‡πå‡∏°‡πÇ‡∏≠‡∏•‡∏µ‡∏ü ‡∏õ‡∏£‡∏∞‡πÄ‡∏ó‡∏®‡∏™‡∏´‡∏£‡∏±‡∏ê‡∏≠‡πÄ‡∏°‡∏£‡∏¥‡∏Å‡∏≤
‡πÄ‡∏°‡∏∑‡πà‡∏≠‡πÉ‡∏ä‡πâ‡∏ï‡∏¥‡∏î‡∏ï‡πà‡∏≠‡∏Å‡∏±‡∏ô‡πÄ‡∏õ‡πá‡∏ô‡∏õ‡∏£‡∏∞‡∏à‡∏≥‡∏≠‡∏¢‡πà‡∏≤‡∏á‡∏ï‡πà‡∏≠‡πÄ‡∏ô‡∏∑‡πà‡∏≠‡∏á
**‡πÄ‡∏°‡∏∑‡πà‡∏≠‡πÅ‡∏õ‡∏£‡∏á‡∏ü‡∏±‡∏ô‡πÄ‡∏õ‡πá‡∏ô‡∏õ‡∏£‡∏∞‡∏à‡∏≥‡∏ó‡∏∏‡∏Å‡∏ß‡∏±‡∏ô ‡∏≠‡∏¢‡πà‡∏≤‡∏á‡∏ô‡πâ‡∏≠‡∏¢‡∏ß‡∏±‡∏ô‡∏•‡∏∞ 2 ‡∏Ñ‡∏£‡∏±‡πâ‡∏á
***‡πÇ‡∏î‡∏¢‡∏•‡∏î‡∏Ñ‡∏£‡∏≤‡∏ö‡∏ö‡∏ô‡∏ú‡∏¥‡∏ß‡∏ü‡∏±‡∏ô ‡πÄ‡∏°‡∏∑‡πà‡∏≠‡πÅ‡∏õ‡∏£‡∏á‡∏ü‡∏±‡∏ô‡πÄ‡∏õ‡πá‡∏ô‡∏õ‡∏£‡∏∞‡∏à‡∏≥


Colgate Sensitive Pro Relief Complete Protection Toothpaste 

- Gives you rapid and long lasting sensitivity relief * with complete protection
- Helps with cavity & gum health**
- Naturally whiten teeth***
- Reduce plaque
- Strengthen enamel 
- Freshen breath

Colgate Sensitive Pro Relief with Pro-Argin‚Ñ¢, innovation for oral care form Colgate, gives you rapid and lasting sensitivity relief* (once apply direction on sensitive tooth). It builds a long lasting protective barrier against sensitivity*.

*According to a clinical study in 75 volunteers age 25 - 56 years in India Jun - Jul 2009 by Colgate-Palmolive USA, when use regularly
**With regular brushing at least twice per day
*** Extrinsic stains when brushing with regular usage

","https://cf.shopee.co.th/file/th-11134201-7ra0o-mdkneujk41vi85","https://cf.shopee.co.th/file/th-11134201-7rasj-mar7lv63e7uea4","https://cf.shopee.co.th/file/th-11134201-7rasl-m8m6f92ybc32b8","https://cf.shopee.co.th/file/th-11134201-7rasj-m8m6fa44swv4ea","https://cf.shopee.co.th/file/th-11134201-7ras8-m8m6fa58r8sv5f","https://cf.shopee.co.th/file/th-11134201-7rasb-m8m6f924chl50f","Not Available","‡∏Å‡∏•‡∏∏‡πà‡∏°‡∏ú‡∏•‡∏¥‡∏ï‡∏†‡∏±‡∏ì‡∏ë‡πå‡πÄ‡∏û‡∏∑‡πà‡∏≠‡∏™‡∏∏‡∏Ç‡∏†‡∏≤‡∏û > ‡∏Ç‡∏≠‡∏á‡πÉ‡∏ä‡πâ‡∏™‡πà‡∏ß‡∏ô‡∏ï‡∏±‡∏ß > ‡∏ú‡∏•‡∏¥‡∏ï‡∏†‡∏±‡∏ì‡∏ë‡πå‡∏î‡∏π‡πÅ‡∏•‡∏ä‡πà‡∏≠‡∏á‡∏õ‡∏≤‡∏Å > ‡∏¢‡∏≤‡∏™‡∏µ‡∏ü‡∏±‡∏ô","Not Available","‡πÅ‡∏û‡πá‡∏Ñ: 2, 4, 6","No","Yes","No","No","Not Available","2","normal","1","4.918413","100","1523275","https://shopee.co.th/product/43431223/7659557564","https://shopee.co.th/shop/43431223"
27922886965,"1397397345","C% CPercent ‡∏°‡∏≤‡∏™‡∏Å‡πå‡∏•‡∏≠‡∏Å‡∏™‡∏¥‡∏ß‡πÄ‡∏™‡∏µ‡πâ‡∏¢‡∏ô Clear Nose ‡πÅ‡∏ú‡πà‡∏ô‡∏•‡∏≠‡∏Å‡∏™‡∏¥‡∏ß‡πÄ‡∏™‡∏µ‡πâ‡∏¢‡∏ô‡∏™‡∏≥‡∏´‡∏£‡∏±‡∏ö‡∏à‡∏°‡∏π‡∏Å Blackhead Tool Remover ‡∏°‡∏≤‡∏™‡∏Å‡πå‡∏ó‡πç‡∏≤‡∏Ñ‡∏ß‡∏≤‡∏°‡∏™‡∏∞‡∏≠‡∏≤‡∏î‡∏£‡∏π‡∏Ç‡∏∏‡∏°‡∏Ç‡∏ô ‡∏°‡∏≤‡∏™‡πå‡∏Å‡∏à‡∏°‡∏π‡∏Å‡∏™‡∏¥‡∏ß‡∏´‡∏±‡∏ß‡∏î‡∏≥ ‡∏û‡∏≠‡∏Å‡∏´‡∏ô‡πâ‡∏≤ ‡πÅ‡∏ú‡πà‡∏ô‡∏°‡∏≤‡∏£‡πå‡∏Ñ‡∏´‡∏ô‡πâ‡∏≤ ‡∏°‡∏≤‡∏™‡πå‡∏Å‡∏™‡∏¥‡∏ß‡πÄ‡∏™‡∏µ‡πâ‡∏¢‡∏ô ‡∏°‡∏≤‡∏™‡πå‡∏Å‡∏Å‡∏≥‡∏à‡∏±‡∏î‡∏™‡∏¥‡∏ß‡∏´‡∏±‡∏ß‡∏î‡∏≥","C%","199.00","699.00","THB","72","76347","76347","27","8795","8796","4638","1916","4.838726513569937","1916","Cpercent.th","Not Available","C% CPercent ‡πÅ‡∏ú‡πà‡∏ô‡πÅ‡∏õ‡∏∞‡∏à‡∏°‡∏π‡∏Å Clear Nose
‡∏£‡∏≤‡∏¢‡∏•‡∏∞‡πÄ‡∏≠‡∏µ‡∏¢‡∏î‡∏™‡∏¥‡∏ô‡∏Ñ‡πâ‡∏≤:
‡πÅ‡∏ú‡πà‡∏ô‡∏•‡∏≠‡∏Å‡∏™‡∏¥‡∏ß‡πÄ‡∏™‡∏µ‡πâ‡∏¢‡∏ô‡∏™‡∏≥‡∏´‡∏£‡∏±‡∏ö‡∏à‡∏°‡∏π‡∏Å ‡∏ä‡πà‡∏ß‡∏¢‡∏Ç‡∏à‡∏±‡∏î‡∏™‡∏¥‡∏ß‡∏´‡∏±‡∏ß‡∏î‡∏≥‡πÅ‡∏•‡∏∞‡∏™‡∏¥‡πà‡∏á‡∏™‡∏Å‡∏õ‡∏£‡∏Å‡πÉ‡∏ô‡∏£‡∏π‡∏Ç‡∏∏‡∏°‡∏Ç‡∏ô‡∏≠‡∏¢‡πà‡∏≤‡∏á‡∏•‡πâ‡∏≥‡∏•‡∏∂‡∏Å ‡∏î‡πâ‡∏ß‡∏¢‡∏Ñ‡∏∏‡∏ì‡∏™‡∏°‡∏ö‡∏±‡∏ï‡∏¥‡∏û‡∏¥‡πÄ‡∏®‡∏©‡∏ó‡∏µ‡πà‡∏ä‡πà‡∏ß‡∏¢‡πÉ‡∏´‡πâ‡∏ú‡∏¥‡∏ß‡∏à‡∏°‡∏π‡∏Å‡∏™‡∏∞‡∏≠‡∏≤‡∏î‡πÄ‡∏£‡∏µ‡∏¢‡∏ö‡πÄ‡∏ô‡∏µ‡∏¢‡∏ô ‡∏û‡∏£‡πâ‡∏≠‡∏°‡∏ó‡∏±‡πâ‡∏á‡∏•‡∏î‡∏õ‡∏±‡∏ç‡∏´‡∏≤‡∏™‡∏¥‡∏ß‡πÄ‡∏™‡∏µ‡πâ‡∏¢‡∏ô‡πÅ‡∏•‡∏∞‡∏™‡∏¥‡∏ß‡∏´‡∏±‡∏ß‡∏î‡∏≥‡∏≠‡∏¢‡πà‡∏≤‡∏á‡∏°‡∏µ‡∏õ‡∏£‡∏∞‡∏™‡∏¥‡∏ó‡∏ò‡∏¥‡∏†‡∏≤‡∏û

‡∏Ñ‡∏∏‡∏ì‡∏™‡∏°‡∏ö‡∏±‡∏ï‡∏¥‡πÄ‡∏î‡πà‡∏ô:

‡∏Å‡∏≥‡∏à‡∏±‡∏î‡∏™‡∏¥‡∏ß‡πÄ‡∏™‡∏µ‡πâ‡∏¢‡∏ô‡πÅ‡∏•‡∏∞‡∏™‡∏¥‡∏ß‡∏´‡∏±‡∏ß‡∏î‡∏≥: ‡∏î‡πâ‡∏ß‡∏¢‡∏™‡∏π‡∏ï‡∏£‡πÄ‡∏â‡∏û‡∏≤‡∏∞‡∏ó‡∏µ‡πà‡∏ä‡πà‡∏ß‡∏¢‡∏î‡∏∂‡∏á‡∏™‡∏¥‡∏ß‡πÄ‡∏™‡∏µ‡πâ‡∏¢‡∏ô‡πÅ‡∏•‡∏∞‡∏™‡∏¥‡∏ß‡∏´‡∏±‡∏ß‡∏î‡∏≥‡∏≠‡∏≠‡∏Å‡πÑ‡∏î‡πâ‡∏≠‡∏¢‡πà‡∏≤‡∏á‡∏•‡πâ‡∏≥‡∏•‡∏∂‡∏Å
‡∏ó‡∏≥‡∏Ñ‡∏ß‡∏≤‡∏°‡∏™‡∏∞‡∏≠‡∏≤‡∏î‡∏£‡∏π‡∏Ç‡∏∏‡∏°‡∏Ç‡∏ô: ‡∏•‡∏î‡∏Ñ‡∏ß‡∏≤‡∏°‡∏°‡∏±‡∏ô‡πÅ‡∏•‡∏∞‡∏™‡∏¥‡πà‡∏á‡∏™‡∏Å‡∏õ‡∏£‡∏Å‡∏™‡∏∞‡∏™‡∏°‡πÉ‡∏ô‡∏£‡∏π‡∏Ç‡∏∏‡∏°‡∏Ç‡∏ô
‡∏á‡πà‡∏≤‡∏¢‡∏ï‡πà‡∏≠‡∏Å‡∏≤‡∏£‡πÉ‡∏ä‡πâ‡∏á‡∏≤‡∏ô: ‡πÉ‡∏ä‡πâ‡∏á‡∏≤‡∏ô‡∏á‡πà‡∏≤‡∏¢ ‡∏™‡∏∞‡∏î‡∏ß‡∏Å ‡πÅ‡∏•‡∏∞‡πÄ‡∏´‡∏°‡∏≤‡∏∞‡∏™‡∏≥‡∏´‡∏£‡∏±‡∏ö‡∏ó‡∏∏‡∏Å‡∏™‡∏†‡∏≤‡∏û‡∏ú‡∏¥‡∏ß
‡∏≠‡πà‡∏≠‡∏ô‡πÇ‡∏¢‡∏ô‡∏ï‡πà‡∏≠‡∏ú‡∏¥‡∏ß: ‡∏ä‡πà‡∏ß‡∏¢‡πÉ‡∏´‡πâ‡∏ú‡∏¥‡∏ß‡∏ö‡∏£‡∏¥‡πÄ‡∏ß‡∏ì‡∏à‡∏°‡∏π‡∏Å‡∏î‡∏π‡πÄ‡∏£‡∏µ‡∏¢‡∏ö‡πÄ‡∏ô‡∏µ‡∏¢‡∏ô‡πÇ‡∏î‡∏¢‡πÑ‡∏°‡πà‡∏Å‡πà‡∏≠‡πÉ‡∏´‡πâ‡πÄ‡∏Å‡∏¥‡∏î‡∏Å‡∏≤‡∏£‡∏£‡∏∞‡∏Ñ‡∏≤‡∏¢‡πÄ‡∏Ñ‡∏∑‡∏≠‡∏á
‡∏ß‡∏¥‡∏ò‡∏µ‡πÉ‡∏ä‡πâ:

‡∏ó‡∏≥‡∏Ñ‡∏ß‡∏≤‡∏°‡∏™‡∏∞‡∏≠‡∏≤‡∏î‡∏ú‡∏¥‡∏ß‡∏´‡∏ô‡πâ‡∏≤‡πÅ‡∏•‡∏∞‡∏ö‡∏£‡∏¥‡πÄ‡∏ß‡∏ì‡∏à‡∏°‡∏π‡∏Å‡πÉ‡∏´‡πâ‡∏™‡∏∞‡∏≠‡∏≤‡∏î
‡πÅ‡∏õ‡∏∞‡πÅ‡∏ú‡πà‡∏ô Clear Nose ‡∏•‡∏á‡∏ö‡∏ô‡∏ö‡∏£‡∏¥‡πÄ‡∏ß‡∏ì‡∏à‡∏°‡∏π‡∏Å‡∏ó‡∏µ‡πà‡πÄ‡∏õ‡∏µ‡∏¢‡∏Å
‡∏£‡∏≠‡πÉ‡∏´‡πâ‡πÅ‡∏ú‡πà‡∏ô‡πÅ‡∏õ‡∏∞‡πÅ‡∏´‡πâ‡∏á‡∏™‡∏ô‡∏¥‡∏ó (‡∏õ‡∏£‡∏∞‡∏°‡∏≤‡∏ì 10-15 ‡∏ô‡∏≤‡∏ó‡∏µ)
‡∏•‡∏≠‡∏Å‡πÅ‡∏ú‡πà‡∏ô‡∏≠‡∏≠‡∏Å‡∏≠‡∏¢‡πà‡∏≤‡∏á‡πÄ‡∏ö‡∏≤‡∏°‡∏∑‡∏≠ ‡πÅ‡∏•‡πâ‡∏ß‡∏•‡πâ‡∏≤‡∏á‡∏´‡∏ô‡πâ‡∏≤‡∏î‡πâ‡∏ß‡∏¢‡∏ô‡πâ‡∏≥‡∏™‡∏∞‡∏≠‡∏≤‡∏î

‡πÄ‡∏´‡∏°‡∏≤‡∏∞‡∏™‡∏≥‡∏´‡∏£‡∏±‡∏ö:
‡∏ú‡∏π‡πâ‡∏ó‡∏µ‡πà‡∏°‡∏µ‡∏õ‡∏±‡∏ç‡∏´‡∏≤‡∏™‡∏¥‡∏ß‡πÄ‡∏™‡∏µ‡πâ‡∏¢‡∏ô‡πÅ‡∏•‡∏∞‡∏™‡∏¥‡∏ß‡∏´‡∏±‡∏ß‡∏î‡∏≥
‡∏ú‡∏π‡πâ‡∏ó‡∏µ‡πà‡∏ï‡πâ‡∏≠‡∏á‡∏Å‡∏≤‡∏£‡∏ó‡∏≥‡∏Ñ‡∏ß‡∏≤‡∏°‡∏™‡∏∞‡∏≠‡∏≤‡∏î‡∏£‡∏π‡∏Ç‡∏∏‡∏°‡∏Ç‡∏ô‡∏≠‡∏¢‡πà‡∏≤‡∏á‡∏•‡πâ‡∏≥‡∏•‡∏∂‡∏Å
‡∏ú‡∏π‡πâ‡∏ó‡∏µ‡πà‡∏ï‡πâ‡∏≠‡∏á‡∏Å‡∏≤‡∏£‡∏î‡∏π‡πÅ‡∏•‡∏ú‡∏¥‡∏ß‡∏ö‡∏£‡∏¥‡πÄ‡∏ß‡∏ì‡∏à‡∏°‡∏π‡∏Å‡πÉ‡∏´‡πâ‡∏™‡∏∞‡∏≠‡∏≤‡∏î‡πÄ‡∏£‡∏µ‡∏¢‡∏ö‡πÄ‡∏ô‡∏µ‡∏¢‡∏ô
","https://cf.shopee.co.th/file/cn-11134207-7ras8-md36or7f8zcw44","https://cf.shopee.co.th/file/cn-11134207-7ras8-mcpxc8pdod1nd2","https://cf.shopee.co.th/file/cn-11134207-7ras8-mcpxc8pdodcs36","https://cf.shopee.co.th/file/cn-11134207-7ras8-mcpxc8pdprx840","https://cf.shopee.co.th/file/cn-11134207-7ras8-mcpxc8pdmyh760","Not Available","https://down-ws-sg.vod.susercontent.com/api/v4/11110105/mms/th-11110105-6kgcm-m4ssph6lug4q88.16004081743519866.mp4","‡∏ú‡∏•‡∏¥‡∏ï‡∏†‡∏±‡∏ì‡∏ë‡πå‡∏ö‡∏≥‡∏£‡∏∏‡∏á‡πÅ‡∏•‡∏∞‡πÄ‡∏™‡∏£‡∏¥‡∏°‡∏Ñ‡∏ß‡∏≤‡∏°‡∏á‡∏≤‡∏° > ‡∏ú‡∏•‡∏¥‡∏ï‡∏†‡∏±‡∏ì‡∏ë‡πå‡∏ö‡∏≥‡∏£‡∏∏‡∏á‡∏ö‡∏£‡∏¥‡πÄ‡∏ß‡∏ì‡πÉ‡∏ö‡∏´‡∏ô‡πâ‡∏≤ > ‡∏ú‡∏•‡∏¥‡∏ï‡∏†‡∏±‡∏ì‡∏ë‡πå‡∏£‡∏±‡∏Å‡∏©‡∏≤‡∏™‡∏¥‡∏ß","‡∏≠‡∏≤‡∏¢‡∏∏‡∏Å‡∏≤‡∏£‡πÄ‡∏Å‡πá‡∏ö‡∏£‡∏±‡∏Å‡∏©‡∏≤: 12 ‡πÄ‡∏î‡∏∑‡∏≠‡∏ô","‡∏Ç‡πâ‡∏≠‡∏Å‡πç‡∏≤‡∏´‡∏ô‡∏î: 1 ‡∏Å‡∏•‡πà‡∏≠‡∏á 3 ‡∏ä‡∏¥‡πâ‡∏ô, 2 ‡∏Å‡∏•‡πà‡∏≠‡∏á 6 ‡∏ä‡∏¥‡πâ‡∏ô, 3 ‡∏Å‡∏•‡πà‡∏≠‡∏á 9 ‡∏ä‡∏¥‡πâ‡∏ô","No","No","Yes","No","29.00","2","normal","1","4.852148","97","4373","https://shopee.co.th/product/1397397345/27922886965","https://shopee.co.th/shop/1397397345"